timestamp,meid,cell_id,node_id,format,DRB_MeanActiveUeDl,DRB_PdcpSduDelayDl,RRU_PrbUsedDl,TB_TotNbrDlInitial_16Qam,TB_TotNbrDlInitial_64Qam,TB_TotNbrDlInitial_Qpsk,UE_DRB_BlerDl_UEID,UE_DRB_EstabSucc_5QI_UEID,UE_DRB_PdcpSduDelayDl_UEID,UE_DRB_RelActNbr_5QI_UEID,UE_DRB_UEThpDl_UEID,UE_HO_SrcCellQual_RS-SINR_UEID,UE_HO_TrgtCellQual_RS-SINR_UEID,UE_RRU_PrbUsedDl_UEID,UE_TB_TotNbrDlInitial_16Qam_UEID,UE_TB_TotNbrDlInitial_64Qam_UEID,UE_TB_TotNbrDlInitial_Qpsk_UEID
2025-11-25T14:48:04.658091+00:00,gnb:131-133-31000000,unknown,2,F1,,8.715544,,,,,,,,,,,,,,,
2025-11-25T14:48:04.658555+00:00,gnb:131-133-31000000,UE_3030303031,3,F1,,,,,,,0.0,,8.715544,,,,,,,,
2025-11-25T14:48:04.660945+00:00,gnb:131-133-31000000,unknown,2,F1,,,,,,,,,,,,,,,,,
2025-11-25T14:48:04.661140+00:00,gnb:131-133-31000000,UE_3030303031,3,F1,,,,,,,,1,,0,,,,,,,
2025-11-25T14:48:04.664939+00:00,gnb:131-133-31000000,CELL_1111,2,F1,1,,32,0,14242,5,,,,,,,,,,,
2025-11-25T14:48:04.665293+00:00,gnb:131-133-31000000,UE_3030303031,3,F1,,,,,,,,,,,18817.022457,,,32,0,14242,5
2025-11-25T14:48:04.666244+00:00,gnb:131-133-31000000,unknown,2,F1,,8.720557,,,,,,,,,,,,,,,
2025-11-25T14:48:04.666519+00:00,gnb:131-133-31000000,UE_3030303031,3,F1,,,,,,,0.0,,8.720557,,,,,,,,
2025-11-25T14:48:04.666985+00:00,gnb:131-133-31000000,unknown,2,F1,,,,,,,,,,,,,,,,,
2025-11-25T14:48:04.667289+00:00,gnb:131-133-31000000,UE_3030303031,3,F1,,,,,,,,1,,0,,,,,,,
2025-11-25T14:48:04.679689+00:00,gnb:131-133-31000000,CELL_1111,2,F1,1,,35,0,400,0,,,,,,,,,,,
2025-11-25T14:48:04.680016+00:00,gnb:131-133-31000000,UE_3030303031,3,F1,,,,,,,,,,,18817.211988,,,35,0,400,0
2025-11-25T14:48:04.859677+00:00,gnb:131-133-31000000,unknown,2,F1,,8.718888,,,,,,,,,,,,,,,
2025-11-25T14:48:04.860039+00:00,gnb:131-133-31000000,UE_3030303031,3,F1,,,,,,,0.0,,8.718888,,,,,,,,
2025-11-25T14:48:05.023816+00:00,gnb:131-133-31000000,unknown,2,F1,,,,,,,,,,,,,,,,,
2025-11-25T14:48:05.023963+00:00,gnb:131-133-31000000,UE_3030303031,3,F1,,,,,,,,1,,0,,,,,,,
2025-11-25T14:48:05.028201+00:00,gnb:131-133-31000000,CELL_1111,2,F1,1,,35,0,400,0,,,,,,,,,,,
2025-11-25T14:48:05.028553+00:00,gnb:131-133-31000000,UE_3030303031,3,F1,,,,,,,,,,,18816.50594,,,35,0,400,0
2025-11-25T14:48:05.029257+00:00,gnb:131-133-31000000,unknown,2,F1,,8.719367,,,,,,,,,,,,,,,
2025-11-25T14:48:05.029425+00:00,gnb:131-133-31000000,UE_3030303031,3,F1,,,,,,,0.0,,8.719367,,,,,,,,
2025-11-25T14:48:05.036689+00:00,gnb:131-133-31000000,unknown,2,F1,,,,,,,,,,,,,,,,,
2025-11-25T14:48:05.036899+00:00,gnb:131-133-31000000,UE_3030303031,3,F1,,,,,,,,1,,0,,,,,,,
2025-11-25T14:48:05.037282+00:00,gnb:131-133-31000000,CELL_1111,2,F1,1,,35,0,400,0,,,,,,,,,,,
2025-11-25T14:48:05.037470+00:00,gnb:131-133-31000000,UE_3030303031,3,F1,,,,,,,,,,,18816.699032,,,35,0,400,0
2025-11-25T14:48:05.228806+00:00,gnb:131-133-31000000,unknown,2,F1,,8.720864,,,,,,,,,,,,,,,
2025-11-25T14:48:05.229070+00:00,gnb:131-133-31000000,UE_3030303031,3,F1,,,,,,,0.0,,8.720864,,,,,,,,
2025-11-25T14:48:05.233221+00:00,gnb:131-133-31000000,unknown,2,F1,,,,,,,,,,,,,,,,,
2025-11-25T14:48:05.233370+00:00,gnb:131-133-31000000,UE_3030303031,3,F1,,,,,,,,1,,0,,,,,,,
2025-11-25T14:48:05.234473+00:00,gnb:131-133-31000000,CELL_1111,2,F1,1,,35,0,400,0,,,,,,,,,,,
2025-11-25T14:48:05.234751+00:00,gnb:131-133-31000000,UE_3030303031,3,F1,,,,,,,,,,,18816.872012,,,35,0,400,0
2025-11-25T14:48:05.440314+00:00,gnb:131-133-31000000,unknown,2,F1,,8.717441,,,,,,,,,,,,,,,
2025-11-25T14:48:05.440497+00:00,gnb:131-133-31000000,UE_3030303031,3,F1,,,,,,,0.0,,8.717441,,,,,,,,
2025-11-25T14:48:05.440876+00:00,gnb:131-133-31000000,unknown,2,F1,,,,,,,,,,,,,,,,,
2025-11-25T14:48:05.440990+00:00,gnb:131-133-31000000,UE_3030303031,3,F1,,,,,,,,1,,0,,,,,,,
2025-11-25T14:48:05.441280+00:00,gnb:131-133-31000000,CELL_1111,2,F1,1,,35,0,400,0,,,,,,,,,,,
2025-11-25T14:48:05.441390+00:00,gnb:131-133-31000000,UE_3030303031,3,F1,,,,,,,,,,,18817.046579,,,35,0,400,0
2025-11-25T14:48:05.647033+00:00,gnb:131-133-31000000,unknown,2,F1,,8.718859,,,,,,,,,,,,,,,
2025-11-25T14:48:05.647187+00:00,gnb:131-133-31000000,UE_3030303031,3,F1,,,,,,,0.0,,8.718859,,,,,,,,
2025-11-25T14:48:05.652944+00:00,gnb:131-133-31000000,unknown,2,F1,,,,,,,,,,,,,,,,,
2025-11-25T14:48:05.653158+00:00,gnb:131-133-31000000,UE_3030303031,3,F1,,,,,,,,1,,0,,,,,,,
2025-11-25T14:48:05.653773+00:00,gnb:131-133-31000000,CELL_1111,2,F1,1,,35,0,400,0,,,,,,,,,,,
2025-11-25T14:48:05.654031+00:00,gnb:131-133-31000000,UE_3030303031,3,F1,,,,,,,,,,,18817.212755,,,35,0,400,0
2025-11-25T14:48:05.852591+00:00,gnb:131-133-31000000,unknown,2,F1,,8.726773,,,,,,,,,,,,,,,
2025-11-25T14:48:05.853614+00:00,gnb:131-133-31000000,UE_3030303031,3,F1,,,,,,,0.0,,8.726773,,,,,,,,
2025-11-25T14:48:05.858767+00:00,gnb:131-133-31000000,unknown,2,F1,,,,,,,,,,,,,,,,,
2025-11-25T14:48:05.858958+00:00,gnb:131-133-31000000,UE_3030303031,3,F1,,,,,,,,1,,0,,,,,,,
2025-11-25T14:48:05.860741+00:00,gnb:131-133-31000000,CELL_1111,2,F1,1,,35,0,400,0,,,,,,,,,,,
2025-11-25T14:48:05.860922+00:00,gnb:131-133-31000000,UE_3030303031,3,F1,,,,,,,,,,,18817.432365,,,35,0,400,0
2025-11-25T14:48:06.059294+00:00,gnb:131-133-31000000,unknown,2,F1,,8.718688,,,,,,,,,,,,,,,
2025-11-25T14:48:06.059863+00:00,gnb:131-133-31000000,UE_3030303031,3,F1,,,,,,,0.0,,8.718688,,,,,,,,
2025-11-25T14:48:06.064376+00:00,gnb:131-133-31000000,unknown,2,F1,,,,,,,,,,,,,,,,,
2025-11-25T14:48:06.064521+00:00,gnb:131-133-31000000,UE_3030303031,3,F1,,,,,,,,1,,0,,,,,,,
2025-11-25T14:48:06.064830+00:00,gnb:131-133-31000000,CELL_1111,2,F1,1,,35,0,400,0,,,,,,,,,,,
2025-11-25T14:48:06.064979+00:00,gnb:131-133-31000000,UE_3030303031,3,F1,,,,,,,,,,,18816.818406,,,35,0,400,0
2025-11-25T14:48:06.065350+00:00,gnb:131-133-31000000,unknown,2,F1,,8.719167,,,,,,,,,,,,,,,
2025-11-25T14:48:06.065506+00:00,gnb:131-133-31000000,UE_3030303031,3,F1,,,,,,,0.0,,8.719167,,,,,,,,
2025-11-25T14:48:06.065912+00:00,gnb:131-133-31000000,unknown,2,F1,,,,,,,,,,,,,,,,,
2025-11-25T14:48:06.066077+00:00,gnb:131-133-31000000,UE_3030303031,3,F1,,,,,,,,1,,0,,,,,,,
2025-11-25T14:48:06.066522+00:00,gnb:131-133-31000000,CELL_1111,2,F1,1,,35,0,400,0,,,,,,,,,,,
2025-11-25T14:48:06.072015+00:00,gnb:131-133-31000000,UE_3030303031,3,F1,,,,,,,,,,,18816.978522,,,35,0,400,0
2025-11-25T14:48:06.266662+00:00,gnb:131-133-31000000,unknown,2,F1,,8.720664,,,,,,,,,,,,,,,
2025-11-25T14:48:06.266828+00:00,gnb:131-133-31000000,UE_3030303031,3,F1,,,,,,,0.0,,8.720664,,,,,,,,
2025-11-25T14:48:06.267157+00:00,gnb:131-133-31000000,unknown,2,F1,,,,,,,,,,,,,,,,,
2025-11-25T14:48:06.267299+00:00,gnb:131-133-31000000,UE_3030303031,3,F1,,,,,,,,1,,0,,,,,,,
2025-11-25T14:48:06.268060+00:00,gnb:131-133-31000000,CELL_1111,2,F1,1,,35,0,400,0,,,,,,,,,,,
2025-11-25T14:48:06.268219+00:00,gnb:131-133-31000000,UE_3030303031,3,F1,,,,,,,,,,,18817.122619,,,35,0,400,0
2025-11-25T14:48:06.473140+00:00,gnb:131-133-31000000,unknown,2,F1,,8.717362,,,,,,,,,,,,,,,
2025-11-25T14:48:06.473388+00:00,gnb:131-133-31000000,UE_3030303031,3,F1,,,,,,,0.0,,8.717362,,,,,,,,
2025-11-25T14:48:06.481363+00:00,gnb:131-133-31000000,unknown,2,F1,,,,,,,,,,,,,,,,,
2025-11-25T14:48:06.481526+00:00,gnb:131-133-31000000,UE_3030303031,3,F1,,,,,,,,1,,0,,,,,,,
2025-11-25T14:48:06.481906+00:00,gnb:131-133-31000000,CELL_1111,2,F1,1,,35,0,400,0,,,,,,,,,,,
2025-11-25T14:48:06.482037+00:00,gnb:131-133-31000000,UE_3030303031,3,F1,,,,,,,,,,,18817.269337,,,35,0,400,0
2025-11-25T14:48:06.678683+00:00,gnb:131-133-31000000,unknown,2,F1,,8.718859,,,,,,,,,,,,,,,
2025-11-25T14:48:06.679536+00:00,gnb:131-133-31000000,UE_3030303031,3,F1,,,,,,,0.0,,8.718859,,,,,,,,
2025-11-25T14:48:06.686992+00:00,gnb:131-133-31000000,unknown,2,F1,,,,,,,,,,,,,,,,,
2025-11-25T14:48:06.687246+00:00,gnb:131-133-31000000,UE_3030303031,3,F1,,,,,,,,1,,0,,,,,,,
2025-11-25T14:48:06.688001+00:00,gnb:131-133-31000000,CELL_1111,2,F1,1,,35,0,400,0,,,,,,,,,,,
2025-11-25T14:48:06.688197+00:00,gnb:131-133-31000000,UE_3030303031,3,F1,,,,,,,,,,,18817.409892,,,35,0,400,0
2025-11-25T14:48:06.792776+00:00,gnb:131-133-31000000,unknown,2,F1,,8.734066,,,,,,,,,,,,,,,
2025-11-25T14:48:06.793297+00:00,gnb:131-133-31000000,UE_3030303031,3,F1,,,,,,,0.0,,8.734066,,,,,,,,
2025-11-25T14:48:06.955804+00:00,gnb:131-133-31000000,unknown,2,F1,,,,,,,,,,,,,,,,,
2025-11-25T14:48:06.955985+00:00,gnb:131-133-31000000,UE_3030303031,3,F1,,,,,,,,1,,0,,,,,,,
2025-11-25T14:48:06.956695+00:00,gnb:131-133-31000000,CELL_1111,2,F1,1,,36,0,400,0,,,,,,,,,,,
2025-11-25T14:48:06.956831+00:00,gnb:131-133-31000000,UE_3030303031,3,F1,,,,,,,,,,,18817.038038,,,36,0,400,0
2025-11-25T14:48:06.962149+00:00,gnb:131-133-31000000,unknown,2,F1,,8.801105,,,,,,,,,,,,,,,
2025-11-25T14:48:06.962382+00:00,gnb:131-133-31000000,UE_3030303031,3,F1,,,,,,,0.0,,8.801105,,,,,,,,
2025-11-25T14:48:06.966001+00:00,gnb:131-133-31000000,unknown,2,F1,,,,,,,,,,,,,,,,,
2025-11-25T14:48:06.966125+00:00,gnb:131-133-31000000,UE_3030303031,3,F1,,,,,,,,1,,0,,,,,,,
2025-11-25T14:48:06.966406+00:00,gnb:131-133-31000000,CELL_1111,2,F1,1,,38,0,400,0,,,,,,,,,,,
2025-11-25T14:48:06.966535+00:00,gnb:131-133-31000000,UE_3030303031,3,F1,,,,,,,,,,,18813.528443,,,38,0,400,0
2025-11-25T14:48:07.157194+00:00,gnb:131-133-31000000,unknown,2,F1,,8.801989,,,,,,,,,,,,,,,
2025-11-25T14:48:07.157368+00:00,gnb:131-133-31000000,UE_3030303031,3,F1,,,,,,,0.0,,8.801989,,,,,,,,
2025-11-25T14:48:07.157995+00:00,gnb:131-133-31000000,unknown,2,F1,,,,,,,,,,,,,,,,,
2025-11-25T14:48:07.158139+00:00,gnb:131-133-31000000,UE_3030303031,3,F1,,,,,,,,1,,0,,,,,,,
2025-11-25T14:48:07.163648+00:00,gnb:131-133-31000000,CELL_1111,2,F1,1,,38,0,400,0,,,,,,,,,,,
2025-11-25T14:48:07.163839+00:00,gnb:131-133-31000000,UE_3030303031,3,F1,,,,,,,,,,,18810.792095,,,38,0,400,0
2025-11-25T14:48:07.364496+00:00,gnb:131-133-31000000,unknown,2,F1,,8.803408,,,,,,,,,,,,,,,
2025-11-25T14:48:07.364667+00:00,gnb:131-133-31000000,UE_3030303031,3,F1,,,,,,,0.0,,8.803408,,,,,,,,
2025-11-25T14:48:07.369345+00:00,gnb:131-133-31000000,unknown,2,F1,,,,,,,,,,,,,,,,,
2025-11-25T14:48:07.369588+00:00,gnb:131-133-31000000,UE_3030303031,3,F1,,,,,,,,1,,0,,,,,,,
2025-11-25T14:48:07.369929+00:00,gnb:131-133-31000000,CELL_1111,2,F1,1,,38,0,400,0,,,,,,,,,,,
2025-11-25T14:48:07.370134+00:00,gnb:131-133-31000000,UE_3030303031,3,F1,,,,,,,,,,,18808.154628,,,38,0,400,0
2025-11-25T14:48:07.575394+00:00,gnb:131-133-31000000,unknown,2,F1,,8.809107,,,,,,,,,,,,,,,
2025-11-25T14:48:07.575574+00:00,gnb:131-133-31000000,UE_3030303031,3,F1,,,,,,,0.0,,8.809107,,,,,,,,
2025-11-25T14:48:07.583667+00:00,gnb:131-133-31000000,unknown,2,F1,,,,,,,,,,,,,,,,,
2025-11-25T14:48:07.583991+00:00,gnb:131-133-31000000,UE_3030303031,3,F1,,,,,,,,1,,0,,,,,,,
2025-11-25T14:48:07.585809+00:00,gnb:131-133-31000000,CELL_1111,2,F1,1,,38,0,400,0,,,,,,,,,,,
2025-11-25T14:48:07.586726+00:00,gnb:131-133-31000000,UE_3030303031,3,F1,,,,,,,,,,,18805.65103,,,38,0,400,0
2025-11-25T14:48:07.784455+00:00,gnb:131-133-31000000,unknown,2,F1,,8.801604,,,,,,,,,,,,,,,
2025-11-25T14:48:07.784689+00:00,gnb:131-133-31000000,UE_3030303031,3,F1,,,,,,,0.0,,8.801604,,,,,,,,
2025-11-25T14:48:07.785750+00:00,gnb:131-133-31000000,unknown,2,F1,,,,,,,,,,,,,,,,,
2025-11-25T14:48:07.786658+00:00,gnb:131-133-31000000,UE_3030303031,3,F1,,,,,,,,1,,0,,,,,,,
2025-11-25T14:48:07.789894+00:00,gnb:131-133-31000000,CELL_1111,2,F1,1,,38,0,400,0,,,,,,,,,,,
2025-11-25T14:48:07.790037+00:00,gnb:131-133-31000000,UE_3030303031,3,F1,,,,,,,,,,,18803.216904,,,38,0,400,0
2025-11-25T14:48:07.988765+00:00,gnb:131-133-31000000,unknown,2,F1,,8.803101,,,,,,,,,,,,,,,
2025-11-25T14:48:07.988930+00:00,gnb:131-133-31000000,UE_3030303031,3,F1,,,,,,,0.0,,8.803101,,,,,,,,
2025-11-25T14:48:07.993536+00:00,gnb:131-133-31000000,unknown,2,F1,,,,,,,,,,,,,,,,,
2025-11-25T14:48:07.993801+00:00,gnb:131-133-31000000,UE_3030303031,3,F1,,,,,,,,1,,0,,,,,,,
2025-11-25T14:48:07.994309+00:00,gnb:131-133-31000000,CELL_1111,2,F1,1,,38,0,400,0,,,,,,,,,,,
2025-11-25T14:48:07.994633+00:00,gnb:131-133-31000000,UE_3030303031,3,F1,,,,,,,,,,,18800.872552,,,38,0,400,0
2025-11-25T14:48:08.196240+00:00,gnb:131-133-31000000,unknown,2,F1,,8.800905,,,,,,,,,,,,,,,
2025-11-25T14:48:08.196388+00:00,gnb:131-133-31000000,UE_3030303031,3,F1,,,,,,,0.0,,8.800905,,,,,,,,
2025-11-25T14:48:08.196698+00:00,gnb:131-133-31000000,unknown,2,F1,,,,,,,,,,,,,,,,,
2025-11-25T14:48:08.196821+00:00,gnb:131-133-31000000,UE_3030303031,3,F1,,,,,,,,1,,0,,,,,,,
2025-11-25T14:48:08.197107+00:00,gnb:131-133-31000000,CELL_1111,2,F1,1,,38,0,400,0,,,,,,,,,,,
2025-11-25T14:48:08.197233+00:00,gnb:131-133-31000000,UE_3030303031,3,F1,,,,,,,,,,,18798.036886,,,38,0,400,0
2025-11-25T14:48:08.197537+00:00,gnb:131-133-31000000,unknown,2,F1,,8.801911,,,,,,,,,,,,,,,
2025-11-25T14:48:08.199368+00:00,gnb:131-133-31000000,UE_3030303031,3,F1,,,,,,,0.0,,8.801911,,,,,,,,
2025-11-25T14:48:08.200567+00:00,gnb:131-133-31000000,unknown,2,F1,,,,,,,,,,,,,,,,,
2025-11-25T14:48:08.201532+00:00,gnb:131-133-31000000,UE_3030303031,3,F1,,,,,,,,1,,0,,,,,,,
2025-11-25T14:48:08.202033+00:00,gnb:131-133-31000000,CELL_1111,2,F1,1,,38,0,400,0,,,,,,,,,,,
2025-11-25T14:48:08.202315+00:00,gnb:131-133-31000000,UE_3030303031,3,F1,,,,,,,,,,,18795.86804,,,38,0,400,0
2025-11-25T14:48:08.399712+00:00,gnb:131-133-31000000,unknown,2,F1,,8.803408,,,,,,,,,,,,,,,
2025-11-25T14:48:08.399889+00:00,gnb:131-133-31000000,UE_3030303031,3,F1,,,,,,,0.0,,8.803408,,,,,,,,
2025-11-25T14:48:08.403436+00:00,gnb:131-133-31000000,unknown,2,F1,,,,,,,,,,,,,,,,,
2025-11-25T14:48:08.403725+00:00,gnb:131-133-31000000,UE_3030303031,3,F1,,,,,,,,1,,0,,,,,,,
2025-11-25T14:48:08.404193+00:00,gnb:131-133-31000000,CELL_1111,2,F1,1,,38,0,400,0,,,,,,,,,,,
2025-11-25T14:48:08.404506+00:00,gnb:131-133-31000000,UE_3030303031,3,F1,,,,,,,,,,,18793.767876,,,38,0,400,0
2025-11-25T14:48:08.606077+00:00,gnb:131-133-31000000,unknown,2,F1,,8.800107,,,,,,,,,,,,,,,
2025-11-25T14:48:08.606228+00:00,gnb:131-133-31000000,UE_3030303031,3,F1,,,,,,,0.0,,8.800107,,,,,,,,
2025-11-25T14:48:08.613382+00:00,gnb:131-133-31000000,unknown,2,F1,,,,,,,,,,,,,,,,,
2025-11-25T14:48:08.613527+00:00,gnb:131-133-31000000,UE_3030303031,3,F1,,,,,,,,1,,0,,,,,,,
2025-11-25T14:48:08.613842+00:00,gnb:131-133-31000000,CELL_1111,2,F1,1,,38,0,400,0,,,,,,,,,,,
2025-11-25T14:48:08.613960+00:00,gnb:131-133-31000000,UE_3030303031,3,F1,,,,,,,,,,,18791.746842,,,38,0,400,0
2025-11-25T14:48:08.756054+00:00,gnb:131-133-31000000,unknown,2,F1,,8.801604,,,,,,,,,,,,,,,
2025-11-25T14:48:08.756234+00:00,gnb:131-133-31000000,UE_3030303031,3,F1,,,,,,,0.0,,8.801604,,,,,,,,
2025-11-25T14:48:08.802197+00:00,gnb:131-133-31000000,unknown,2,F1,,,,,,,,,,,,,,,,,
2025-11-25T14:48:08.802469+00:00,gnb:131-133-31000000,UE_3030303031,3,F1,,,,,,,,1,,0,,,,,,,
2025-11-25T14:48:08.803085+00:00,gnb:131-133-31000000,CELL_1111,2,F1,1,,38,0,400,0,,,,,,,,,,,
2025-11-25T14:48:08.803226+00:00,gnb:131-133-31000000,UE_3030303031,3,F1,,,,,,,,,,,18789.794054,,,38,0,400,0
2025-11-25T14:49:41.382986+00:00,gnb:131-133-31000000,unknown,2,F1,,8.717736,,,,,,,,,,,,,,,
2025-11-25T14:49:41.383162+00:00,gnb:131-133-31000000,UE_3030303031,3,F1,,,,,,,0.0,,8.717736,,,,,,,,
2025-11-25T14:49:41.383453+00:00,gnb:131-133-31000000,unknown,2,F1,,,,,,,,,,,,,,,,,
2025-11-25T14:49:41.383562+00:00,gnb:131-133-31000000,UE_3030303031,3,F1,,,,,,,,1,,0,,,,,,,
2025-11-25T14:49:41.390122+00:00,gnb:131-133-31000000,CELL_1111,2,F1,1,,34,0,31199,5,,,,,,,,,,,
2025-11-25T14:49:41.391305+00:00,gnb:131-133-31000000,UE_3030303031,3,F1,,,,,,,,,,,18817.818693,,,34,0,31199,5
2025-11-25T14:49:41.391973+00:00,gnb:131-133-31000000,unknown,2,F1,,8.719015,,,,,,,,,,,,,,,
2025-11-25T14:49:41.392296+00:00,gnb:131-133-31000000,UE_3030303031,3,F1,,,,,,,0.0,,8.719015,,,,,,,,
2025-11-25T14:49:41.392927+00:00,gnb:131-133-31000000,unknown,2,F1,,,,,,,,,,,,,,,,,
2025-11-25T14:49:41.393151+00:00,gnb:131-133-31000000,UE_3030303031,3,F1,,,,,,,,1,,0,,,,,,,
2025-11-25T14:49:41.394007+00:00,gnb:131-133-31000000,CELL_1111,2,F1,1,,35,0,400,0,,,,,,,,,,,
2025-11-25T14:49:41.394275+00:00,gnb:131-133-31000000,UE_3030303031,3,F1,,,,,,,,,,,18817.767548,,,35,0,400,0
2025-11-25T14:49:41.610384+00:00,gnb:131-133-31000000,unknown,2,F1,,8.781039,,,,,,,,,,,,,,,
2025-11-25T14:49:41.610615+00:00,gnb:131-133-31000000,UE_3030303031,3,F1,,,,,,,0.0,,8.781039,,,,,,,,
2025-11-25T14:49:41.772168+00:00,gnb:131-133-31000000,unknown,2,F1,,,,,,,,,,,,,,,,,
2025-11-25T14:49:41.772332+00:00,gnb:131-133-31000000,UE_3030303031,3,F1,,,,,,,,1,,0,,,,,,,
2025-11-25T14:49:41.773887+00:00,gnb:131-133-31000000,CELL_1111,2,F1,1,,38,0,400,0,,,,,,,,,,,
2025-11-25T14:49:41.774072+00:00,gnb:131-133-31000000,UE_3030303031,3,F1,,,,,,,,,,,18816.382835,,,38,0,400,0
2025-11-25T14:49:41.775412+00:00,gnb:131-133-31000000,unknown,2,F1,,8.804958,,,,,,,,,,,,,,,
2025-11-25T14:49:41.775676+00:00,gnb:131-133-31000000,UE_3030303031,3,F1,,,,,,,0.0,,8.804958,,,,,,,,
2025-11-25T14:49:41.776346+00:00,gnb:131-133-31000000,unknown,2,F1,,,,,,,,,,,,,,,,,
2025-11-25T14:49:41.776680+00:00,gnb:131-133-31000000,UE_3030303031,3,F1,,,,,,,,1,,0,,,,,,,
2025-11-25T14:49:41.783414+00:00,gnb:131-133-31000000,CELL_1111,2,F1,1,,38,0,400,0,,,,,,,,,,,
2025-11-25T14:49:41.783750+00:00,gnb:131-133-31000000,UE_3030303031,3,F1,,,,,,,,,,,18814.637395,,,38,0,400,0
2025-11-25T14:49:41.973660+00:00,gnb:131-133-31000000,unknown,2,F1,,8.801656,,,,,,,,,,,,,,,
2025-11-25T14:49:41.973822+00:00,gnb:131-133-31000000,UE_3030303031,3,F1,,,,,,,0.0,,8.801656,,,,,,,,
2025-11-25T14:49:41.980083+00:00,gnb:131-133-31000000,unknown,2,F1,,,,,,,,,,,,,,,,,
2025-11-25T14:49:41.980319+00:00,gnb:131-133-31000000,UE_3030303031,3,F1,,,,,,,,1,,0,,,,,,,
2025-11-25T14:49:41.980904+00:00,gnb:131-133-31000000,CELL_1111,2,F1,1,,38,0,400,0,,,,,,,,,,,
2025-11-25T14:49:41.983307+00:00,gnb:131-133-31000000,UE_3030303031,3,F1,,,,,,,,,,,18812.934852,,,38,0,400,0
2025-11-25T14:49:42.180528+00:00,gnb:131-133-31000000,unknown,2,F1,,8.808747,,,,,,,,,,,,,,,
2025-11-25T14:49:42.180701+00:00,gnb:131-133-31000000,UE_3030303031,3,F1,,,,,,,0.0,,8.808747,,,,,,,,
2025-11-25T14:49:42.185338+00:00,gnb:131-133-31000000,unknown,2,F1,,,,,,,,,,,,,,,,,
2025-11-25T14:49:42.185489+00:00,gnb:131-133-31000000,UE_3030303031,3,F1,,,,,,,,1,,0,,,,,,,
2025-11-25T14:49:42.185871+00:00,gnb:131-133-31000000,CELL_1111,2,F1,1,,38,0,400,0,,,,,,,,,,,
2025-11-25T14:49:42.186005+00:00,gnb:131-133-31000000,UE_3030303031,3,F1,,,,,,,,,,,18810.903264,,,38,0,400,0
2025-11-25T14:49:42.388563+00:00,gnb:131-133-31000000,unknown,2,F1,,8.800466,,,,,,,,,,,,,,,
2025-11-25T14:49:42.388741+00:00,gnb:131-133-31000000,UE_3030303031,3,F1,,,,,,,0.0,,8.800466,,,,,,,,
2025-11-25T14:49:42.396864+00:00,gnb:131-133-31000000,unknown,2,F1,,,,,,,,,,,,,,,,,
2025-11-25T14:49:42.397017+00:00,gnb:131-133-31000000,UE_3030303031,3,F1,,,,,,,,1,,0,,,,,,,
2025-11-25T14:49:42.397350+00:00,gnb:131-133-31000000,CELL_1111,2,F1,1,,38,0,400,0,,,,,,,,,,,
2025-11-25T14:49:42.397469+00:00,gnb:131-133-31000000,UE_3030303031,3,F1,,,,,,,,,,,18809.281459,,,38,0,400,0
2025-11-25T14:49:42.587653+00:00,gnb:131-133-31000000,unknown,2,F1,,8.801963,,,,,,,,,,,,,,,
2025-11-25T14:49:42.587812+00:00,gnb:131-133-31000000,UE_3030303031,3,F1,,,,,,,0.0,,8.801963,,,,,,,,
2025-11-25T14:49:42.592967+00:00,gnb:131-133-31000000,unknown,2,F1,,,,,,,,,,,,,,,,,
2025-11-25T14:49:42.593412+00:00,gnb:131-133-31000000,UE_3030303031,3,F1,,,,,,,,1,,0,,,,,,,
2025-11-25T14:49:42.596412+00:00,gnb:131-133-31000000,CELL_1111,2,F1,1,,38,0,400,0,,,,,,,,,,,
2025-11-25T14:49:42.596937+00:00,gnb:131-133-31000000,UE_3030303031,3,F1,,,,,,,,,,,18807.702923,,,38,0,400,0
2025-11-25T14:49:42.597463+00:00,gnb:131-133-31000000,unknown,2,F1,,8.798662,,,,,,,,,,,,,,,
2025-11-25T14:49:42.597665+00:00,gnb:131-133-31000000,UE_3030303031,3,F1,,,,,,,0.0,,8.798662,,,,,,,,
2025-11-25T14:49:42.598606+00:00,gnb:131-133-31000000,unknown,2,F1,,,,,,,,,,,,,,,,,
2025-11-25T14:49:42.598830+00:00,gnb:131-133-31000000,UE_3030303031,3,F1,,,,,,,,1,,0,,,,,,,
2025-11-25T14:49:42.599750+00:00,gnb:131-133-31000000,CELL_1111,2,F1,1,,38,0,400,0,,,,,,,,,,,
2025-11-25T14:49:42.600372+00:00,gnb:131-133-31000000,UE_3030303031,3,F1,,,,,,,,,,,18806.161363,,,38,0,400,0
2025-11-25T14:49:42.791616+00:00,gnb:131-133-31000000,unknown,2,F1,,8.804958,,,,,,,,,,,,,,,
2025-11-25T14:49:42.791800+00:00,gnb:131-133-31000000,UE_3030303031,3,F1,,,,,,,0.0,,8.804958,,,,,,,,
2025-11-25T14:49:42.796953+00:00,gnb:131-133-31000000,unknown,2,F1,,,,,,,,,,,,,,,,,
2025-11-25T14:49:42.797186+00:00,gnb:131-133-31000000,UE_3030303031,3,F1,,,,,,,,1,,0,,,,,,,
2025-11-25T14:49:42.798100+00:00,gnb:131-133-31000000,CELL_1111,2,F1,1,,38,0,400,0,,,,,,,,,,,
2025-11-25T14:49:42.798254+00:00,gnb:131-133-31000000,UE_3030303031,3,F1,,,,,,,,,,,18804.655498,,,38,0,400,0
2025-11-25T14:49:42.998071+00:00,gnb:131-133-31000000,unknown,2,F1,,8.801656,,,,,,,,,,,,,,,
2025-11-25T14:49:42.998216+00:00,gnb:131-133-31000000,UE_3030303031,3,F1,,,,,,,0.0,,8.801656,,,,,,,,
2025-11-25T14:49:43.004009+00:00,gnb:131-133-31000000,unknown,2,F1,,,,,,,,,,,,,,,,,
2025-11-25T14:49:43.004406+00:00,gnb:131-133-31000000,UE_3030303031,3,F1,,,,,,,,1,,0,,,,,,,
2025-11-25T14:49:43.005037+00:00,gnb:131-133-31000000,CELL_1111,2,F1,1,,38,0,400,0,,,,,,,,,,,
2025-11-25T14:49:43.005206+00:00,gnb:131-133-31000000,UE_3030303031,3,F1,,,,,,,,,,,18803.1841,,,38,0,400,0
2025-11-25T14:49:43.204873+00:00,gnb:131-133-31000000,unknown,2,F1,,8.799728,,,,,,,,,,,,,,,
2025-11-25T14:49:43.205047+00:00,gnb:131-133-31000000,UE_3030303031,3,F1,,,,,,,0.0,,8.799728,,,,,,,,
2025-11-25T14:49:43.209552+00:00,gnb:131-133-31000000,unknown,2,F1,,,,,,,,,,,,,,,,,
2025-11-25T14:49:43.209907+00:00,gnb:131-133-31000000,UE_3030303031,3,F1,,,,,,,,1,,0,,,,,,,
2025-11-25T14:49:43.210251+00:00,gnb:131-133-31000000,CELL_1111,2,F1,1,,38,0,400,0,,,,,,,,,,,
2025-11-25T14:49:43.210416+00:00,gnb:131-133-31000000,UE_3030303031,3,F1,,,,,,,,,,,18801.38593,,,38,0,400,0
2025-11-25T14:49:43.402410+00:00,gnb:131-133-31000000,unknown,2,F1,,8.800466,,,,,,,,,,,,,,,
2025-11-25T14:49:43.402634+00:00,gnb:131-133-31000000,UE_3030303031,3,F1,,,,,,,0.0,,8.800466,,,,,,,,
2025-11-25T14:49:43.411080+00:00,gnb:131-133-31000000,unknown,2,F1,,,,,,,,,,,,,,,,,
2025-11-25T14:49:43.411250+00:00,gnb:131-133-31000000,UE_3030303031,3,F1,,,,,,,,1,,0,,,,,,,
2025-11-25T14:49:43.412029+00:00,gnb:131-133-31000000,CELL_1111,2,F1,1,,38,0,400,0,,,,,,,,,,,
2025-11-25T14:49:43.412380+00:00,gnb:131-133-31000000,UE_3030303031,3,F1,,,,,,,,,,,18799.97948,,,38,0,400,0
2025-11-25T14:49:43.413098+00:00,gnb:131-133-31000000,unknown,2,F1,,8.801763,,,,,,,,,,,,,,,
2025-11-25T14:49:43.413236+00:00,gnb:131-133-31000000,UE_3030303031,3,F1,,,,,,,0.0,,8.801763,,,,,,,,
2025-11-25T14:49:43.413549+00:00,gnb:131-133-31000000,unknown,2,F1,,,,,,,,,,,,,,,,,
2025-11-25T14:49:43.413705+00:00,gnb:131-133-31000000,UE_3030303031,3,F1,,,,,,,,1,,0,,,,,,,
2025-11-25T14:49:43.414874+00:00,gnb:131-133-31000000,CELL_1111,2,F1,1,,38,0,400,0,,,,,,,,,,,
2025-11-25T14:49:43.415102+00:00,gnb:131-133-31000000,UE_3030303031,3,F1,,,,,,,,,,,18798.608659,,,38,0,400,0
2025-11-25T14:49:43.633144+00:00,gnb:131-133-31000000,unknown,2,F1,,8.798462,,,,,,,,,,,,,,,
2025-11-25T14:49:43.633322+00:00,gnb:131-133-31000000,UE_3030303031,3,F1,,,,,,,0.0,,8.798462,,,,,,,,
2025-11-25T14:49:43.757313+00:00,gnb:131-133-31000000,unknown,2,F1,,,,,,,,,,,,,,,,,
2025-11-25T14:49:43.757531+00:00,gnb:131-133-31000000,UE_3030303031,3,F1,,,,,,,,1,,0,,,,,,,
2025-11-25T14:49:43.758531+00:00,gnb:131-133-31000000,CELL_1111,2,F1,1,,38,0,400,0,,,,,,,,,,,
2025-11-25T14:49:43.758957+00:00,gnb:131-133-31000000,UE_3030303031,3,F1,,,,,,,,,,,18797.267842,,,38,0,400,0
2025-11-25T14:49:43.759434+00:00,gnb:131-133-31000000,unknown,2,F1,,8.811012,,,,,,,,,,,,,,,
2025-11-25T14:49:43.759618+00:00,gnb:131-133-31000000,UE_3030303031,3,F1,,,,,,,0.0,,8.811012,,,,,,,,
2025-11-25T14:49:43.760155+00:00,gnb:131-133-31000000,unknown,2,F1,,,,,,,,,,,,,,,,,
2025-11-25T14:49:43.760290+00:00,gnb:131-133-31000000,UE_3030303031,3,F1,,,,,,,,1,,0,,,,,,,
2025-11-25T14:49:43.760906+00:00,gnb:131-133-31000000,CELL_1111,2,F1,1,,38,0,400,0,,,,,,,,,,,
2025-11-25T14:49:43.761162+00:00,gnb:131-133-31000000,UE_3030303031,3,F1,,,,,,,,,,,18795.970866,,,38,0,400,0
2025-11-25T14:49:43.965087+00:00,gnb:131-133-31000000,unknown,2,F1,,8.801456,,,,,,,,,,,,,,,
2025-11-25T14:49:43.965462+00:00,gnb:131-133-31000000,UE_3030303031,3,F1,,,,,,,0.0,,8.801456,,,,,,,,
2025-11-25T14:49:43.970460+00:00,gnb:131-133-31000000,unknown,2,F1,,,,,,,,,,,,,,,,,
2025-11-25T14:49:43.970649+00:00,gnb:131-133-31000000,UE_3030303031,3,F1,,,,,,,,1,,0,,,,,,,
2025-11-25T14:49:43.971171+00:00,gnb:131-133-31000000,CELL_1111,2,F1,1,,38,0,400,0,,,,,,,,,,,
2025-11-25T14:49:43.971473+00:00,gnb:131-133-31000000,UE_3030303031,3,F1,,,,,,,,,,,18794.687016,,,38,0,400,0
2025-11-25T14:49:44.173125+00:00,gnb:131-133-31000000,unknown,2,F1,,8.799528,,,,,,,,,,,,,,,
2025-11-25T14:49:44.173295+00:00,gnb:131-133-31000000,UE_3030303031,3,F1,,,,,,,0.0,,8.799528,,,,,,,,
2025-11-25T14:49:44.178132+00:00,gnb:131-133-31000000,unknown,2,F1,,,,,,,,,,,,,,,,,
2025-11-25T14:49:44.178532+00:00,gnb:131-133-31000000,UE_3030303031,3,F1,,,,,,,,1,,0,,,,,,,
2025-11-25T14:49:44.179054+00:00,gnb:131-133-31000000,CELL_1111,2,F1,1,,38,0,400,0,,,,,,,,,,,
2025-11-25T14:49:44.179432+00:00,gnb:131-133-31000000,UE_3030303031,3,F1,,,,,,,,,,,18793.093177,,,38,0,400,0
2025-11-25T14:49:44.381067+00:00,gnb:131-133-31000000,unknown,2,F1,,8.800266,,,,,,,,,,,,,,,
2025-11-25T14:49:44.381251+00:00,gnb:131-133-31000000,UE_3030303031,3,F1,,,,,,,0.0,,8.800266,,,,,,,,
2025-11-25T14:49:44.385781+00:00,gnb:131-133-31000000,unknown,2,F1,,,,,,,,,,,,,,,,,
2025-11-25T14:49:44.386072+00:00,gnb:131-133-31000000,UE_3030303031,3,F1,,,,,,,,1,,0,,,,,,,
2025-11-25T14:49:44.386827+00:00,gnb:131-133-31000000,CELL_1111,2,F1,1,,38,0,400,0,,,,,,,,,,,
2025-11-25T14:49:44.387199+00:00,gnb:131-133-31000000,UE_3030303031,3,F1,,,,,,,,,,,18791.862149,,,38,0,400,0
2025-11-25T14:49:44.573291+00:00,gnb:131-133-31000000,unknown,2,F1,,8.801763,,,,,,,,,,,,,,,
2025-11-25T14:49:44.573457+00:00,gnb:131-133-31000000,UE_3030303031,3,F1,,,,,,,0.0,,8.801763,,,,,,,,
2025-11-25T14:49:44.578160+00:00,gnb:131-133-31000000,unknown,2,F1,,,,,,,,,,,,,,,,,
2025-11-25T14:49:44.578548+00:00,gnb:131-133-31000000,UE_3030303031,3,F1,,,,,,,,1,,0,,,,,,,
2025-11-25T14:49:44.579573+00:00,gnb:131-133-31000000,CELL_1111,2,F1,1,,38,0,400,0,,,,,,,,,,,
2025-11-25T14:49:44.580110+00:00,gnb:131-133-31000000,UE_3030303031,3,F1,,,,,,,,,,,18790.660891,,,38,0,400,0
2025-11-25T14:49:44.580895+00:00,gnb:131-133-31000000,unknown,2,F1,,8.798462,,,,,,,,,,,,,,,
2025-11-25T14:49:44.581194+00:00,gnb:131-133-31000000,UE_3030303031,3,F1,,,,,,,0.0,,8.798462,,,,,,,,
2025-11-25T14:49:44.581978+00:00,gnb:131-133-31000000,unknown,2,F1,,,,,,,,,,,,,,,,,
2025-11-25T14:49:44.582188+00:00,gnb:131-133-31000000,UE_3030303031,3,F1,,,,,,,,1,,0,,,,,,,
2025-11-25T14:49:44.582626+00:00,gnb:131-133-31000000,CELL_1111,2,F1,1,,38,0,400,0,,,,,,,,,,,
2025-11-25T14:49:44.582833+00:00,gnb:131-133-31000000,UE_3030303031,3,F1,,,,,,,,,,,18789.484306,,,38,0,400,0
2025-11-25T14:49:46.449153+00:00,gnb:131-133-31000000,unknown,2,F1,,8.804758,,,,,,,,,,,,,,,
2025-11-25T14:49:46.449462+00:00,gnb:131-133-31000000,UE_3030303031,3,F1,,,,,,,0.0,,8.804758,,,,,,,,
2025-11-25T14:49:46.450572+00:00,gnb:131-133-31000000,unknown,2,F1,,,,,,,,,,,,,,,,,
2025-11-25T14:49:46.451020+00:00,gnb:131-133-31000000,UE_3030303031,3,F1,,,,,,,,1,,0,,,,,,,
2025-11-25T14:49:46.452044+00:00,gnb:131-133-31000000,CELL_1111,2,F1,1,,38,0,400,0,,,,,,,,,,,
2025-11-25T14:49:46.452358+00:00,gnb:131-133-31000000,UE_3030303031,3,F1,,,,,,,,,,,18788.331641,,,38,0,400,0
2025-11-25T14:49:46.453756+00:00,gnb:131-133-31000000,unknown,2,F1,,8.801456,,,,,,,,,,,,,,,
2025-11-25T14:49:46.454661+00:00,gnb:131-133-31000000,UE_3030303031,3,F1,,,,,,,0.0,,8.801456,,,,,,,,
2025-11-25T14:49:46.456090+00:00,gnb:131-133-31000000,unknown,2,F1,,,,,,,,,,,,,,,,,
2025-11-25T14:49:46.456536+00:00,gnb:131-133-31000000,UE_3030303031,3,F1,,,,,,,,1,,0,,,,,,,
2025-11-25T14:49:46.457499+00:00,gnb:131-133-31000000,CELL_1111,2,F1,1,,38,0,400,0,,,,,,,,,,,
2025-11-25T14:49:46.457897+00:00,gnb:131-133-31000000,UE_3030303031,3,F1,,,,,,,,,,,18787.202173,,,38,0,400,0
2025-11-25T14:49:46.459158+00:00,gnb:131-133-31000000,unknown,2,F1,,8.799328,,,,,,,,,,,,,,,
2025-11-25T14:49:46.459517+00:00,gnb:131-133-31000000,UE_3030303031,3,F1,,,,,,,0.0,,8.799328,,,,,,,,
2025-11-25T14:49:46.460511+00:00,gnb:131-133-31000000,unknown,2,F1,,,,,,,,,,,,,,,,,
2025-11-25T14:49:46.461107+00:00,gnb:131-133-31000000,UE_3030303031,3,F1,,,,,,,,1,,0,,,,,,,
2025-11-25T14:49:46.461773+00:00,gnb:131-133-31000000,CELL_1111,2,F1,1,,38,0,400,0,,,,,,,,,,,
2025-11-25T14:49:46.462075+00:00,gnb:131-133-31000000,UE_3030303031,3,F1,,,,,,,,,,,18785.778154,,,38,0,400,0
2025-11-25T14:49:46.462619+00:00,gnb:131-133-31000000,unknown,2,F1,,8.800066,,,,,,,,,,,,,,,
2025-11-25T14:49:46.462881+00:00,gnb:131-133-31000000,UE_3030303031,3,F1,,,,,,,0.0,,8.800066,,,,,,,,
2025-11-25T14:49:46.463327+00:00,gnb:131-133-31000000,unknown,2,F1,,,,,,,,,,,,,,,,,
2025-11-25T14:49:46.463538+00:00,gnb:131-133-31000000,UE_3030303031,3,F1,,,,,,,,1,,0,,,,,,,
2025-11-25T14:49:46.464368+00:00,gnb:131-133-31000000,CELL_1111,2,F1,1,,38,0,400,0,,,,,,,,,,,
2025-11-25T14:49:46.464512+00:00,gnb:131-133-31000000,UE_3030303031,3,F1,,,,,,,,,,,18784.692138,,,38,0,400,0
2025-11-25T14:49:46.465851+00:00,gnb:131-133-31000000,unknown,2,F1,,8.808508,,,,,,,,,,,,,,,
2025-11-25T14:49:46.466107+00:00,gnb:131-133-31000000,UE_3030303031,3,F1,,,,,,,0.0,,8.808508,,,,,,,,
2025-11-25T14:49:46.466910+00:00,gnb:131-133-31000000,unknown,2,F1,,,,,,,,,,,,,,,,,
2025-11-25T14:49:46.467034+00:00,gnb:131-133-31000000,UE_3030303031,3,F1,,,,,,,,1,,0,,,,,,,
2025-11-25T14:49:46.467365+00:00,gnb:131-133-31000000,CELL_1111,2,F1,1,,38,0,400,0,,,,,,,,,,,
2025-11-25T14:49:46.467485+00:00,gnb:131-133-31000000,UE_3030303031,3,F1,,,,,,,,,,,18783.644689,,,38,0,400,0
2025-11-25T14:49:46.467828+00:00,gnb:131-133-31000000,unknown,2,F1,,8.798262,,,,,,,,,,,,,,,
2025-11-25T14:49:46.467940+00:00,gnb:131-133-31000000,UE_3030303031,3,F1,,,,,,,0.0,,8.798262,,,,,,,,
2025-11-25T14:49:46.468375+00:00,gnb:131-133-31000000,unknown,2,F1,,,,,,,,,,,,,,,,,
2025-11-25T14:49:46.468489+00:00,gnb:131-133-31000000,UE_3030303031,3,F1,,,,,,,,1,,0,,,,,,,
2025-11-25T14:49:46.469187+00:00,gnb:131-133-31000000,CELL_1111,2,F1,1,,38,0,400,0,,,,,,,,,,,
2025-11-25T14:49:46.469431+00:00,gnb:131-133-31000000,UE_3030303031,3,F1,,,,,,,,,,,18782.604261,,,38,0,400,0
2025-11-25T14:49:46.470071+00:00,gnb:131-133-31000000,unknown,2,F1,,8.804558,,,,,,,,,,,,,,,
2025-11-25T14:49:46.470228+00:00,gnb:131-133-31000000,UE_3030303031,3,F1,,,,,,,0.0,,8.804558,,,,,,,,
2025-11-25T14:49:46.472010+00:00,gnb:131-133-31000000,unknown,2,F1,,,,,,,,,,,,,,,,,
2025-11-25T14:49:46.472328+00:00,gnb:131-133-31000000,UE_3030303031,3,F1,,,,,,,,1,,0,,,,,,,
2025-11-25T14:49:46.473458+00:00,gnb:131-133-31000000,CELL_1111,2,F1,1,,38,0,400,0,,,,,,,,,,,
2025-11-25T14:49:46.473661+00:00,gnb:131-133-31000000,UE_3030303031,3,F1,,,,,,,,,,,18781.583768,,,38,0,400,0
2025-11-25T14:49:46.474791+00:00,gnb:131-133-31000000,unknown,2,F1,,8.801256,,,,,,,,,,,,,,,
2025-11-25T14:49:46.475401+00:00,gnb:131-133-31000000,UE_3030303031,3,F1,,,,,,,0.0,,8.801256,,,,,,,,
2025-11-25T14:49:51.347175+00:00,gnb:131-133-31000000,unknown,2,F1,,,,,,,,,,,,,,,,,
2025-11-25T14:49:51.347325+00:00,gnb:131-133-31000000,UE_3030303031,3,F1,,,,,,,,1,,0,,,,,,,
2025-11-25T14:49:51.347645+00:00,gnb:131-133-31000000,CELL_1111,2,F1,1,,38,0,400,0,,,,,,,,,,,
2025-11-25T14:49:51.347764+00:00,gnb:131-133-31000000,UE_3030303031,3,F1,,,,,,,,,,,18780.582645,,,38,0,400,0
2025-11-25T14:49:51.348243+00:00,gnb:131-133-31000000,unknown,2,F1,,8.913339,,,,,,,,,,,,,,,
2025-11-25T14:49:51.348363+00:00,gnb:131-133-31000000,UE_3030303031,3,F1,,,,,,,0.0,,8.913339,,,,,,,,
2025-11-25T14:49:51.348805+00:00,gnb:131-133-31000000,unknown,2,F1,,,,,,,,,,,,,,,,,
2025-11-25T14:49:51.348921+00:00,gnb:131-133-31000000,UE_3030303031,3,F1,,,,,,,,1,,0,,,,,,,
2025-11-25T14:49:51.349375+00:00,gnb:131-133-31000000,CELL_1111,2,F1,1,,44,0,400,0,,,,,,,,,,,
2025-11-25T14:49:51.349495+00:00,gnb:131-133-31000000,UE_3030303031,3,F1,,,,,,,,,,,18776.562373,,,44,0,400,0
2025-11-25T14:49:51.352872+00:00,gnb:131-133-31000000,unknown,2,F1,,9.24015,,,,,,,,,,,,,,,
2025-11-25T14:49:51.353014+00:00,gnb:131-133-31000000,UE_3030303031,3,F1,,,,,,,0.0,,9.24015,,,,,,,,
2025-11-25T14:49:51.354654+00:00,gnb:131-133-31000000,unknown,2,F1,,,,,,,,,,,,,,,,,
2025-11-25T14:49:51.355046+00:00,gnb:131-133-31000000,UE_3030303031,3,F1,,,,,,,,1,,0,,,,,,,
2025-11-25T14:49:51.355792+00:00,gnb:131-133-31000000,CELL_1111,2,F1,1,,61,0,400,0,,,,,,,,,,,
2025-11-25T14:49:51.355916+00:00,gnb:131-133-31000000,UE_3030303031,3,F1,,,,,,,,,,,18765.175079,,,61,0,400,0
2025-11-25T14:49:51.356321+00:00,gnb:131-133-31000000,unknown,2,F1,,9.241648,,,,,,,,,,,,,,,
2025-11-25T14:49:51.356431+00:00,gnb:131-133-31000000,UE_3030303031,3,F1,,,,,,,0.0,,9.241648,,,,,,,,
2025-11-25T14:49:51.356728+00:00,gnb:131-133-31000000,unknown,2,F1,,,,,,,,,,,,,,,,,
2025-11-25T14:49:51.356832+00:00,gnb:131-133-31000000,UE_3030303031,3,F1,,,,,,,,1,,0,,,,,,,
2025-11-25T14:49:51.357093+00:00,gnb:131-133-31000000,CELL_1111,2,F1,1,,61,0,400,0,,,,,,,,,,,
2025-11-25T14:49:51.357206+00:00,gnb:131-133-31000000,UE_3030303031,3,F1,,,,,,,,,,,18754.013967,,,61,0,400,0
2025-11-25T14:49:51.357470+00:00,gnb:131-133-31000000,unknown,2,F1,,9.238346,,,,,,,,,,,,,,,
2025-11-25T14:49:51.357575+00:00,gnb:131-133-31000000,UE_3030303031,3,F1,,,,,,,0.0,,9.238346,,,,,,,,
2025-11-25T14:49:51.357835+00:00,gnb:131-133-31000000,unknown,2,F1,,,,,,,,,,,,,,,,,
2025-11-25T14:49:51.357937+00:00,gnb:131-133-31000000,UE_3030303031,3,F1,,,,,,,,1,,0,,,,,,,
2025-11-25T14:49:51.358193+00:00,gnb:131-133-31000000,CELL_1111,2,F1,1,,61,0,400,0,,,,,,,,,,,
2025-11-25T14:49:51.358300+00:00,gnb:131-133-31000000,UE_3030303031,3,F1,,,,,,,,,,,18743.068758,,,61,0,400,0
2025-11-25T14:49:51.358563+00:00,gnb:131-133-31000000,unknown,2,F1,,9.24275,,,,,,,,,,,,,,,
2025-11-25T14:49:51.358676+00:00,gnb:131-133-31000000,UE_3030303031,3,F1,,,,,,,0.0,,9.24275,,,,,,,,
2025-11-25T14:49:51.358952+00:00,gnb:131-133-31000000,unknown,2,F1,,,,,,,,,,,,,,,,,
2025-11-25T14:49:51.359064+00:00,gnb:131-133-31000000,UE_3030303031,3,F1,,,,,,,,1,,0,,,,,,,
2025-11-25T14:49:51.359337+00:00,gnb:131-133-31000000,CELL_1111,2,F1,1,,61,0,400,0,,,,,,,,,,,
2025-11-25T14:49:51.359450+00:00,gnb:131-133-31000000,UE_3030303031,3,F1,,,,,,,,,,,18732.167892,,,61,0,400,0
2025-11-25T14:49:51.359735+00:00,gnb:131-133-31000000,unknown,2,F1,,9.242369,,,,,,,,,,,,,,,
2025-11-25T14:49:51.359844+00:00,gnb:131-133-31000000,UE_3030303031,3,F1,,,,,,,0.0,,9.242369,,,,,,,,
2025-11-25T14:49:51.360102+00:00,gnb:131-133-31000000,unknown,2,F1,,,,,,,,,,,,,,,,,
2025-11-25T14:49:51.360214+00:00,gnb:131-133-31000000,UE_3030303031,3,F1,,,,,,,,1,,0,,,,,,,
2025-11-25T14:49:51.360480+00:00,gnb:131-133-31000000,CELL_1111,2,F1,1,,61,0,400,0,,,,,,,,,,,
2025-11-25T14:49:51.360595+00:00,gnb:131-133-31000000,UE_3030303031,3,F1,,,,,,,,,,,18721.637413,,,61,0,400,0
2025-11-25T14:49:51.360868+00:00,gnb:131-133-31000000,unknown,2,F1,,9.250039,,,,,,,,,,,,,,,
2025-11-25T14:49:51.360974+00:00,gnb:131-133-31000000,UE_3030303031,3,F1,,,,,,,0.0,,9.250039,,,,,,,,
2025-11-25T14:49:51.361237+00:00,gnb:131-133-31000000,unknown,2,F1,,,,,,,,,,,,,,,,,
2025-11-25T14:49:51.361341+00:00,gnb:131-133-31000000,UE_3030303031,3,F1,,,,,,,,1,,0,,,,,,,
2025-11-25T14:49:51.361609+00:00,gnb:131-133-31000000,CELL_1111,2,F1,1,,61,0,400,0,,,,,,,,,,,
2025-11-25T14:49:51.361719+00:00,gnb:131-133-31000000,UE_3030303031,3,F1,,,,,,,,,,,18711.229787,,,61,0,400,0
2025-11-25T14:49:51.361987+00:00,gnb:131-133-31000000,unknown,2,F1,,9.23995,,,,,,,,,,,,,,,
2025-11-25T14:49:51.362094+00:00,gnb:131-133-31000000,UE_3030303031,3,F1,,,,,,,0.0,,9.23995,,,,,,,,
2025-11-25T14:49:51.362346+00:00,gnb:131-133-31000000,unknown,2,F1,,,,,,,,,,,,,,,,,
2025-11-25T14:49:51.362448+00:00,gnb:131-133-31000000,UE_3030303031,3,F1,,,,,,,,1,,0,,,,,,,
2025-11-25T14:49:51.362717+00:00,gnb:131-133-31000000,CELL_1111,2,F1,1,,61,0,400,0,,,,,,,,,,,
2025-11-25T14:49:51.362829+00:00,gnb:131-133-31000000,UE_3030303031,3,F1,,,,,,,,,,,18701.087053,,,61,0,400,0
2025-11-25T14:49:51.363097+00:00,gnb:131-133-31000000,unknown,2,F1,,9.241448,,,,,,,,,,,,,,,
2025-11-25T14:49:51.363202+00:00,gnb:131-133-31000000,UE_3030303031,3,F1,,,,,,,0.0,,9.241448,,,,,,,,
2025-11-25T14:49:51.363457+00:00,gnb:131-133-31000000,unknown,2,F1,,,,,,,,,,,,,,,,,
2025-11-25T14:49:51.363560+00:00,gnb:131-133-31000000,UE_3030303031,3,F1,,,,,,,,1,,0,,,,,,,
2025-11-25T14:49:51.363834+00:00,gnb:131-133-31000000,CELL_1111,2,F1,1,,61,0,400,0,,,,,,,,,,,
2025-11-25T14:49:51.363955+00:00,gnb:131-133-31000000,UE_3030303031,3,F1,,,,,,,,,,,18691.135016,,,61,0,400,0
2025-11-25T14:49:51.364247+00:00,gnb:131-133-31000000,unknown,2,F1,,9.238146,,,,,,,,,,,,,,,
2025-11-25T14:49:51.364361+00:00,gnb:131-133-31000000,UE_3030303031,3,F1,,,,,,,0.0,,9.238146,,,,,,,,
2025-11-25T14:49:51.364650+00:00,gnb:131-133-31000000,unknown,2,F1,,,,,,,,,,,,,,,,,
2025-11-25T14:49:51.364759+00:00,gnb:131-133-31000000,UE_3030303031,3,F1,,,,,,,,1,,0,,,,,,,
2025-11-25T14:49:51.365031+00:00,gnb:131-133-31000000,CELL_1111,2,F1,1,,61,0,400,0,,,,,,,,,,,
2025-11-25T14:49:51.365137+00:00,gnb:131-133-31000000,UE_3030303031,3,F1,,,,,,,,,,,18681.364935,,,61,0,400,0
2025-11-25T14:49:51.365469+00:00,gnb:131-133-31000000,unknown,2,F1,,9.24275,,,,,,,,,,,,,,,
2025-11-25T14:49:51.365616+00:00,gnb:131-133-31000000,UE_3030303031,3,F1,,,,,,,0.0,,9.24275,,,,,,,,
2025-11-25T14:49:51.365981+00:00,gnb:131-133-31000000,unknown,2,F1,,,,,,,,,,,,,,,,,
2025-11-25T14:49:51.366106+00:00,gnb:131-133-31000000,UE_3030303031,3,F1,,,,,,,,1,,0,,,,,,,
2025-11-25T14:49:51.366404+00:00,gnb:131-133-31000000,CELL_1111,2,F1,1,,61,0,400,0,,,,,,,,,,,
2025-11-25T14:49:51.366557+00:00,gnb:131-133-31000000,UE_3030303031,3,F1,,,,,,,,,,,18671.614031,,,61,0,400,0
2025-11-25T14:49:51.366916+00:00,gnb:131-133-31000000,unknown,2,F1,,9.242369,,,,,,,,,,,,,,,
2025-11-25T14:49:51.367081+00:00,gnb:131-133-31000000,UE_3030303031,3,F1,,,,,,,0.0,,9.242369,,,,,,,,
2025-11-25T14:49:51.367445+00:00,gnb:131-133-31000000,unknown,2,F1,,,,,,,,,,,,,,,,,
2025-11-25T14:49:51.367602+00:00,gnb:131-133-31000000,UE_3030303031,3,F1,,,,,,,,1,,0,,,,,,,
2025-11-25T14:49:51.367961+00:00,gnb:131-133-31000000,CELL_1111,2,F1,1,,61,0,400,0,,,,,,,,,,,
2025-11-25T14:49:51.368463+00:00,gnb:131-133-31000000,UE_3030303031,3,F1,,,,,,,,,,,18662.194395,,,61,0,400,0
2025-11-25T14:49:51.368940+00:00,gnb:131-133-31000000,unknown,2,F1,,9.239164,,,,,,,,,,,,,,,
2025-11-25T14:49:51.369103+00:00,gnb:131-133-31000000,UE_3030303031,3,F1,,,,,,,0.0,,9.239164,,,,,,,,
2025-11-25T14:49:51.369457+00:00,gnb:131-133-31000000,unknown,2,F1,,,,,,,,,,,,,,,,,
2025-11-25T14:49:51.369738+00:00,gnb:131-133-31000000,UE_3030303031,3,F1,,,,,,,,1,,0,,,,,,,
2025-11-25T14:49:51.370259+00:00,gnb:131-133-31000000,CELL_1111,2,F1,1,,61,0,400,0,,,,,,,,,,,
2025-11-25T14:49:51.370525+00:00,gnb:131-133-31000000,UE_3030303031,3,F1,,,,,,,,,,,18652.840613,,,61,0,400,0
2025-11-25T14:49:51.370925+00:00,gnb:131-133-31000000,unknown,2,F1,,9.23995,,,,,,,,,,,,,,,
2025-11-25T14:49:51.371062+00:00,gnb:131-133-31000000,UE_3030303031,3,F1,,,,,,,0.0,,9.23995,,,,,,,,
2025-11-25T14:49:51.371375+00:00,gnb:131-133-31000000,unknown,2,F1,,,,,,,,,,,,,,,,,
2025-11-25T14:49:51.371501+00:00,gnb:131-133-31000000,UE_3030303031,3,F1,,,,,,,,1,,0,,,,,,,
2025-11-25T14:49:51.371805+00:00,gnb:131-133-31000000,CELL_1111,2,F1,1,,61,0,400,0,,,,,,,,,,,
2025-11-25T14:49:51.371926+00:00,gnb:131-133-31000000,UE_3030303031,3,F1,,,,,,,,,,,18643.749503,,,61,0,400,0
2025-11-25T14:49:51.372219+00:00,gnb:131-133-31000000,unknown,2,F1,,9.241248,,,,,,,,,,,,,,,
2025-11-25T14:49:51.372335+00:00,gnb:131-133-31000000,UE_3030303031,3,F1,,,,,,,0.0,,9.241248,,,,,,,,
2025-11-25T14:49:51.372643+00:00,gnb:131-133-31000000,unknown,2,F1,,,,,,,,,,,,,,,,,
2025-11-25T14:49:51.372761+00:00,gnb:131-133-31000000,UE_3030303031,3,F1,,,,,,,,1,,0,,,,,,,
2025-11-25T14:49:51.373107+00:00,gnb:131-133-31000000,CELL_1111,2,F1,1,,61,0,400,0,,,,,,,,,,,
2025-11-25T14:49:51.373254+00:00,gnb:131-133-31000000,UE_3030303031,3,F1,,,,,,,,,,,18634.820701,,,61,0,400,0
2025-11-25T14:49:51.373577+00:00,gnb:131-133-31000000,unknown,2,F1,,9.237946,,,,,,,,,,,,,,,
2025-11-25T14:49:51.373718+00:00,gnb:131-133-31000000,UE_3030303031,3,F1,,,,,,,0.0,,9.237946,,,,,,,,
2025-11-25T14:49:51.374121+00:00,gnb:131-133-31000000,unknown,2,F1,,,,,,,,,,,,,,,,,
2025-11-25T14:49:51.374282+00:00,gnb:131-133-31000000,UE_3030303031,3,F1,,,,,,,,1,,0,,,,,,,
2025-11-25T14:49:51.374591+00:00,gnb:131-133-31000000,CELL_1111,2,F1,1,,61,0,400,0,,,,,,,,,,,
2025-11-25T14:49:51.374755+00:00,gnb:131-133-31000000,UE_3030303031,3,F1,,,,,,,,,,,18626.046659,,,61,0,400,0
2025-11-25T14:49:51.375110+00:00,gnb:131-133-31000000,unknown,2,F1,,9.247987,,,,,,,,,,,,,,,
2025-11-25T14:49:51.375245+00:00,gnb:131-133-31000000,UE_3030303031,3,F1,,,,,,,0.0,,9.247987,,,,,,,,
2025-11-25T14:49:51.375549+00:00,gnb:131-133-31000000,unknown,2,F1,,,,,,,,,,,,,,,,,
2025-11-25T14:49:51.375678+00:00,gnb:131-133-31000000,UE_3030303031,3,F1,,,,,,,,1,,0,,,,,,,
2025-11-25T14:49:51.375981+00:00,gnb:131-133-31000000,CELL_1111,2,F1,1,,61,0,400,0,,,,,,,,,,,
2025-11-25T14:49:51.376104+00:00,gnb:131-133-31000000,UE_3030303031,3,F1,,,,,,,,,,,18617.293429,,,61,0,400,0
2025-11-25T14:49:51.376408+00:00,gnb:131-133-31000000,unknown,2,F1,,9.242169,,,,,,,,,,,,,,,
2025-11-25T14:49:51.376534+00:00,gnb:131-133-31000000,UE_3030303031,3,F1,,,,,,,0.0,,9.242169,,,,,,,,
2025-11-25T14:49:51.377039+00:00,gnb:131-133-31000000,unknown,2,F1,,,,,,,,,,,,,,,,,
2025-11-25T14:49:51.377187+00:00,gnb:131-133-31000000,UE_3030303031,3,F1,,,,,,,,1,,0,,,,,,,
2025-11-25T14:49:51.377500+00:00,gnb:131-133-31000000,CELL_1111,2,F1,1,,61,0,400,0,,,,,,,,,,,
2025-11-25T14:49:51.378095+00:00,gnb:131-133-31000000,UE_3030303031,3,F1,,,,,,,,,,,18608.817989,,,61,0,400,0
2025-11-25T14:49:51.378461+00:00,gnb:131-133-31000000,unknown,2,F1,,9.238964,,,,,,,,,,,,,,,
2025-11-25T14:49:51.378593+00:00,gnb:131-133-31000000,UE_3030303031,3,F1,,,,,,,0.0,,9.238964,,,,,,,,
2025-11-25T14:49:51.378930+00:00,gnb:131-133-31000000,unknown,2,F1,,,,,,,,,,,,,,,,,
2025-11-25T14:49:51.379075+00:00,gnb:131-133-31000000,UE_3030303031,3,F1,,,,,,,,1,,0,,,,,,,
2025-11-25T14:49:51.379398+00:00,gnb:131-133-31000000,CELL_1111,2,F1,1,,61,0,400,0,,,,,,,,,,,
2025-11-25T14:49:51.379524+00:00,gnb:131-133-31000000,UE_3030303031,3,F1,,,,,,,,,,,18600.39019,,,61,0,400,0
2025-11-25T14:49:51.379833+00:00,gnb:131-133-31000000,unknown,2,F1,,9.23975,,,,,,,,,,,,,,,
2025-11-25T14:49:51.379954+00:00,gnb:131-133-31000000,UE_3030303031,3,F1,,,,,,,0.0,,9.23975,,,,,,,,
2025-11-25T14:49:51.380242+00:00,gnb:131-133-31000000,unknown,2,F1,,,,,,,,,,,,,,,,,
2025-11-25T14:49:51.380362+00:00,gnb:131-133-31000000,UE_3030303031,3,F1,,,,,,,,1,,0,,,,,,,
2025-11-25T14:49:51.380712+00:00,gnb:131-133-31000000,CELL_1111,2,F1,1,,61,0,400,0,,,,,,,,,,,
2025-11-25T14:49:51.380881+00:00,gnb:131-133-31000000,UE_3030303031,3,F1,,,,,,,,,,,18592.195264,,,61,0,400,0
2025-11-25T14:50:03.594492+00:00,gnb:131-133-31000000,unknown,2,F1,,9.241248,,,,,,,,,,,,,,,
2025-11-25T14:50:03.596534+00:00,gnb:131-133-31000000,UE_3030303031,3,F1,,,,,,,0.0,,9.241248,,,,,,,,
2025-11-25T14:50:03.597285+00:00,gnb:131-133-31000000,unknown,2,F1,,,,,,,,,,,,,,,,,
2025-11-25T14:50:03.597508+00:00,gnb:131-133-31000000,UE_3030303031,3,F1,,,,,,,,1,,0,,,,,,,
2025-11-25T14:50:03.598145+00:00,gnb:131-133-31000000,CELL_1111,2,F1,1,,61,0,400,0,,,,,,,,,,,
2025-11-25T14:50:03.598489+00:00,gnb:131-133-31000000,UE_3030303031,3,F1,,,,,,,,,,,18584.139671,,,61,0,400,0
2025-11-25T14:50:03.599510+00:00,gnb:131-133-31000000,unknown,2,F1,,9.237946,,,,,,,,,,,,,,,
2025-11-25T14:50:03.600526+00:00,gnb:131-133-31000000,UE_3030303031,3,F1,,,,,,,0.0,,9.237946,,,,,,,,
2025-11-25T14:50:03.601733+00:00,gnb:131-133-31000000,unknown,2,F1,,,,,,,,,,,,,,,,,
2025-11-25T14:50:03.602147+00:00,gnb:131-133-31000000,UE_3030303031,3,F1,,,,,,,,1,,0,,,,,,,
2025-11-25T14:50:03.603184+00:00,gnb:131-133-31000000,CELL_1111,2,F1,1,,61,0,400,0,,,,,,,,,,,
2025-11-25T14:50:03.603760+00:00,gnb:131-133-31000000,UE_3030303031,3,F1,,,,,,,,,,,18576.216801,,,61,0,400,0
2025-11-25T14:50:03.604831+00:00,gnb:131-133-31000000,unknown,2,F1,,9.24255,,,,,,,,,,,,,,,
2025-11-25T14:50:03.605831+00:00,gnb:131-133-31000000,UE_3030303031,3,F1,,,,,,,0.0,,9.24255,,,,,,,,
2025-11-25T14:50:03.607471+00:00,gnb:131-133-31000000,unknown,2,F1,,,,,,,,,,,,,,,,,
2025-11-25T14:50:03.607750+00:00,gnb:131-133-31000000,UE_3030303031,3,F1,,,,,,,,1,,0,,,,,,,
2025-11-25T14:50:03.608702+00:00,gnb:131-133-31000000,CELL_1111,2,F1,1,,61,0,400,0,,,,,,,,,,,
2025-11-25T14:50:03.608945+00:00,gnb:131-133-31000000,UE_3030303031,3,F1,,,,,,,,,,,18568.278787,,,61,0,400,0
2025-11-25T14:50:03.609558+00:00,gnb:131-133-31000000,unknown,2,F1,,9.242169,,,,,,,,,,,,,,,
2025-11-25T14:50:03.610139+00:00,gnb:131-133-31000000,UE_3030303031,3,F1,,,,,,,0.0,,9.242169,,,,,,,,
2025-11-25T14:50:03.610779+00:00,gnb:131-133-31000000,unknown,2,F1,,,,,,,,,,,,,,,,,
2025-11-25T14:50:03.611069+00:00,gnb:131-133-31000000,UE_3030303031,3,F1,,,,,,,,1,,0,,,,,,,
2025-11-25T14:50:03.611840+00:00,gnb:131-133-31000000,CELL_1111,2,F1,1,,61,0,400,0,,,,,,,,,,,
2025-11-25T14:50:03.612394+00:00,gnb:131-133-31000000,UE_3030303031,3,F1,,,,,,,,,,,18560.612716,,,61,0,400,0
2025-11-25T14:50:03.613138+00:00,gnb:131-133-31000000,unknown,2,F1,,9.238764,,,,,,,,,,,,,,,
2025-11-25T14:50:03.613439+00:00,gnb:131-133-31000000,UE_3030303031,3,F1,,,,,,,0.0,,9.238764,,,,,,,,
2025-11-25T14:50:03.614157+00:00,gnb:131-133-31000000,unknown,2,F1,,,,,,,,,,,,,,,,,
2025-11-25T14:50:03.614427+00:00,gnb:131-133-31000000,UE_3030303031,3,F1,,,,,,,,1,,0,,,,,,,
2025-11-25T14:50:03.615135+00:00,gnb:131-133-31000000,CELL_1111,2,F1,1,,61,0,400,0,,,,,,,,,,,
2025-11-25T14:50:03.615449+00:00,gnb:131-133-31000000,UE_3030303031,3,F1,,,,,,,,,,,18552.979898,,,61,0,400,0
2025-11-25T14:50:03.616095+00:00,gnb:131-133-31000000,unknown,2,F1,,9.23955,,,,,,,,,,,,,,,
2025-11-25T14:50:03.616372+00:00,gnb:131-133-31000000,UE_3030303031,3,F1,,,,,,,0.0,,9.23955,,,,,,,,
2025-11-25T14:50:03.616950+00:00,gnb:131-133-31000000,unknown,2,F1,,,,,,,,,,,,,,,,,
2025-11-25T14:50:03.617201+00:00,gnb:131-133-31000000,UE_3030303031,3,F1,,,,,,,,1,,0,,,,,,,
2025-11-25T14:50:03.617804+00:00,gnb:131-133-31000000,CELL_1111,2,F1,1,,61,0,400,0,,,,,,,,,,,
2025-11-25T14:50:03.618123+00:00,gnb:131-133-31000000,UE_3030303031,3,F1,,,,,,,,,,,18545.555199,,,61,0,400,0
2025-11-25T14:50:03.618766+00:00,gnb:131-133-31000000,unknown,2,F1,,9.247835,,,,,,,,,,,,,,,
2025-11-25T14:50:03.619048+00:00,gnb:131-133-31000000,UE_3030303031,3,F1,,,,,,,0.0,,9.247835,,,,,,,,
2025-11-25T14:50:03.619745+00:00,gnb:131-133-31000000,unknown,2,F1,,,,,,,,,,,,,,,,,
2025-11-25T14:50:03.620031+00:00,gnb:131-133-31000000,UE_3030303031,3,F1,,,,,,,,1,,0,,,,,,,
2025-11-25T14:50:03.620625+00:00,gnb:131-133-31000000,CELL_1111,2,F1,1,,61,0,400,0,,,,,,,,,,,
2025-11-25T14:50:03.622290+00:00,gnb:131-133-31000000,UE_3030303031,3,F1,,,,,,,,,,,18538.270355,,,61,0,400,0
2025-11-25T14:50:03.623221+00:00,gnb:131-133-31000000,unknown,2,F1,,9.237746,,,,,,,,,,,,,,,
2025-11-25T14:50:03.623528+00:00,gnb:131-133-31000000,UE_3030303031,3,F1,,,,,,,0.0,,9.237746,,,,,,,,
2025-11-25T14:50:03.624182+00:00,gnb:131-133-31000000,unknown,2,F1,,,,,,,,,,,,,,,,,
2025-11-25T14:50:03.624428+00:00,gnb:131-133-31000000,UE_3030303031,3,F1,,,,,,,,1,,0,,,,,,,
2025-11-25T14:50:03.625054+00:00,gnb:131-133-31000000,CELL_1111,2,F1,1,,61,0,400,0,,,,,,,,,,,
2025-11-25T14:50:03.625192+00:00,gnb:131-133-31000000,UE_3030303031,3,F1,,,,,,,,,,,18531.080708,,,61,0,400,0
2025-11-25T14:50:03.625916+00:00,gnb:131-133-31000000,unknown,2,F1,,9.24235,,,,,,,,,,,,,,,
2025-11-25T14:50:03.626167+00:00,gnb:131-133-31000000,UE_3030303031,3,F1,,,,,,,0.0,,9.24235,,,,,,,,
2025-11-25T14:50:03.626916+00:00,gnb:131-133-31000000,unknown,2,F1,,,,,,,,,,,,,,,,,
2025-11-25T14:50:03.627083+00:00,gnb:131-133-31000000,UE_3030303031,3,F1,,,,,,,,1,,0,,,,,,,
2025-11-25T14:50:03.627691+00:00,gnb:131-133-31000000,CELL_1111,2,F1,1,,61,0,400,0,,,,,,,,,,,
2025-11-25T14:50:03.627892+00:00,gnb:131-133-31000000,UE_3030303031,3,F1,,,,,,,,,,,18523.86428,,,61,0,400,0
2025-11-25T14:50:03.628415+00:00,gnb:131-133-31000000,unknown,2,F1,,9.241969,,,,,,,,,,,,,,,
2025-11-25T14:50:03.628628+00:00,gnb:131-133-31000000,UE_3030303031,3,F1,,,,,,,0.0,,9.241969,,,,,,,,
2025-11-25T14:50:03.629211+00:00,gnb:131-133-31000000,unknown,2,F1,,,,,,,,,,,,,,,,,
2025-11-25T14:50:03.629462+00:00,gnb:131-133-31000000,UE_3030303031,3,F1,,,,,,,,1,,0,,,,,,,
2025-11-25T14:50:03.630196+00:00,gnb:131-133-31000000,CELL_1111,2,F1,1,,61,0,400,0,,,,,,,,,,,
2025-11-25T14:50:03.630525+00:00,gnb:131-133-31000000,UE_3030303031,3,F1,,,,,,,,,,,18516.896961,,,61,0,400,0
2025-11-25T14:50:03.631193+00:00,gnb:131-133-31000000,unknown,2,F1,,9.238764,,,,,,,,,,,,,,,
2025-11-25T14:50:03.631332+00:00,gnb:131-133-31000000,UE_3030303031,3,F1,,,,,,,0.0,,9.238764,,,,,,,,
2025-11-25T14:50:03.632071+00:00,gnb:131-133-31000000,unknown,2,F1,,,,,,,,,,,,,,,,,
2025-11-25T14:50:03.632319+00:00,gnb:131-133-31000000,UE_3030303031,3,F1,,,,,,,,1,,0,,,,,,,
2025-11-25T14:50:03.633009+00:00,gnb:131-133-31000000,CELL_1111,2,F1,1,,61,0,400,0,,,,,,,,,,,
2025-11-25T14:50:03.633389+00:00,gnb:131-133-31000000,UE_3030303031,3,F1,,,,,,,,,,,18509.951448,,,61,0,400,0
2025-11-25T14:50:03.634106+00:00,gnb:131-133-31000000,unknown,2,F1,,9.23955,,,,,,,,,,,,,,,
2025-11-25T14:50:03.634438+00:00,gnb:131-133-31000000,UE_3030303031,3,F1,,,,,,,0.0,,9.23955,,,,,,,,
2025-11-25T14:50:03.635137+00:00,gnb:131-133-31000000,unknown,2,F1,,,,,,,,,,,,,,,,,
2025-11-25T14:50:03.635280+00:00,gnb:131-133-31000000,UE_3030303031,3,F1,,,,,,,,1,,0,,,,,,,
2025-11-25T14:50:03.636111+00:00,gnb:131-133-31000000,CELL_1111,2,F1,1,,61,0,400,0,,,,,,,,,,,
2025-11-25T14:50:03.636275+00:00,gnb:131-133-31000000,UE_3030303031,3,F1,,,,,,,,,,,18503.193281,,,61,0,400,0
2025-11-25T14:50:03.637166+00:00,gnb:131-133-31000000,unknown,2,F1,,9.241048,,,,,,,,,,,,,,,
2025-11-25T14:50:03.637576+00:00,gnb:131-133-31000000,UE_3030303031,3,F1,,,,,,,0.0,,9.241048,,,,,,,,
2025-11-25T14:50:03.638492+00:00,gnb:131-133-31000000,unknown,2,F1,,,,,,,,,,,,,,,,,
2025-11-25T14:50:03.638710+00:00,gnb:131-133-31000000,UE_3030303031,3,F1,,,,,,,,1,,0,,,,,,,
2025-11-25T14:50:03.639628+00:00,gnb:131-133-31000000,CELL_1111,2,F1,1,,61,0,400,0,,,,,,,,,,,
2025-11-25T14:50:03.639973+00:00,gnb:131-133-31000000,UE_3030303031,3,F1,,,,,,,,,,,18496.540112,,,61,0,400,0
2025-11-25T14:50:03.640770+00:00,gnb:131-133-31000000,unknown,2,F1,,9.237746,,,,,,,,,,,,,,,
2025-11-25T14:50:03.640958+00:00,gnb:131-133-31000000,UE_3030303031,3,F1,,,,,,,0.0,,9.237746,,,,,,,,
2025-11-25T14:50:03.641866+00:00,gnb:131-133-31000000,unknown,2,F1,,,,,,,,,,,,,,,,,
2025-11-25T14:50:03.642204+00:00,gnb:131-133-31000000,UE_3030303031,3,F1,,,,,,,,1,,0,,,,,,,
2025-11-25T14:50:03.643372+00:00,gnb:131-133-31000000,CELL_1111,2,F1,1,,61,0,400,0,,,,,,,,,,,
2025-11-25T14:50:03.643739+00:00,gnb:131-133-31000000,UE_3030303031,3,F1,,,,,,,,,,,18489.986699,,,61,0,400,0
2025-11-25T14:50:03.644633+00:00,gnb:131-133-31000000,unknown,2,F1,,9.24215,,,,,,,,,,,,,,,
2025-11-25T14:50:03.644823+00:00,gnb:131-133-31000000,UE_3030303031,3,F1,,,,,,,0.0,,9.24215,,,,,,,,
2025-11-25T14:50:03.646530+00:00,gnb:131-133-31000000,unknown,2,F1,,,,,,,,,,,,,,,,,
2025-11-25T14:50:03.646919+00:00,gnb:131-133-31000000,UE_3030303031,3,F1,,,,,,,,1,,0,,,,,,,
2025-11-25T14:50:03.647802+00:00,gnb:131-133-31000000,CELL_1111,2,F1,1,,61,0,400,0,,,,,,,,,,,
2025-11-25T14:50:03.647974+00:00,gnb:131-133-31000000,UE_3030303031,3,F1,,,,,,,,,,,18483.397427,,,61,0,400,0
2025-11-25T14:50:03.648910+00:00,gnb:131-133-31000000,unknown,2,F1,,9.241769,,,,,,,,,,,,,,,
2025-11-25T14:50:03.649090+00:00,gnb:131-133-31000000,UE_3030303031,3,F1,,,,,,,0.0,,9.241769,,,,,,,,
2025-11-25T14:50:03.649919+00:00,gnb:131-133-31000000,unknown,2,F1,,,,,,,,,,,,,,,,,
2025-11-25T14:50:03.650177+00:00,gnb:131-133-31000000,UE_3030303031,3,F1,,,,,,,,1,,0,,,,,,,
2025-11-25T14:50:03.650763+00:00,gnb:131-133-31000000,CELL_1111,2,F1,1,,61,0,400,0,,,,,,,,,,,
2025-11-25T14:50:03.651055+00:00,gnb:131-133-31000000,UE_3030303031,3,F1,,,,,,,,,,,18477.037771,,,61,0,400,0
2025-11-25T14:50:03.651763+00:00,gnb:131-133-31000000,unknown,2,F1,,9.24944,,,,,,,,,,,,,,,
2025-11-25T14:50:03.651953+00:00,gnb:131-133-31000000,UE_3030303031,3,F1,,,,,,,0.0,,9.24944,,,,,,,,
2025-11-25T14:50:03.653011+00:00,gnb:131-133-31000000,unknown,2,F1,,,,,,,,,,,,,,,,,
2025-11-25T14:50:03.653399+00:00,gnb:131-133-31000000,UE_3030303031,3,F1,,,,,,,,1,,0,,,,,,,
2025-11-25T14:50:03.654182+00:00,gnb:131-133-31000000,CELL_1111,2,F1,1,,61,0,400,0,,,,,,,,,,,
2025-11-25T14:50:03.654378+00:00,gnb:131-133-31000000,UE_3030303031,3,F1,,,,,,,,,,,18470.716954,,,61,0,400,0
2025-11-25T14:50:03.655329+00:00,gnb:131-133-31000000,unknown,2,F1,,9.23935,,,,,,,,,,,,,,,
2025-11-25T14:50:03.655618+00:00,gnb:131-133-31000000,UE_3030303031,3,F1,,,,,,,0.0,,9.23935,,,,,,,,
2025-11-25T14:50:03.656344+00:00,gnb:131-133-31000000,unknown,2,F1,,,,,,,,,,,,,,,,,
2025-11-25T14:50:03.656688+00:00,gnb:131-133-31000000,UE_3030303031,3,F1,,,,,,,,1,,0,,,,,,,
2025-11-25T14:50:03.657647+00:00,gnb:131-133-31000000,CELL_1111,2,F1,1,,61,0,400,0,,,,,,,,,,,
2025-11-25T14:50:03.658328+00:00,gnb:131-133-31000000,UE_3030303031,3,F1,,,,,,,,,,,18464.539487,,,61,0,400,0
2025-11-25T14:50:03.659355+00:00,gnb:131-133-31000000,unknown,2,F1,,9.240848,,,,,,,,,,,,,,,
2025-11-25T14:50:03.659522+00:00,gnb:131-133-31000000,UE_3030303031,3,F1,,,,,,,0.0,,9.240848,,,,,,,,
2025-11-25T14:50:03.660508+00:00,gnb:131-133-31000000,unknown,2,F1,,,,,,,,,,,,,,,,,
2025-11-25T14:50:03.660950+00:00,gnb:131-133-31000000,UE_3030303031,3,F1,,,,,,,,1,,0,,,,,,,
2025-11-25T14:50:03.661903+00:00,gnb:131-133-31000000,CELL_1111,2,F1,1,,61,0,400,0,,,,,,,,,,,
2025-11-25T14:50:03.662300+00:00,gnb:131-133-31000000,UE_3030303031,3,F1,,,,,,,,,,,18458.454073,,,61,0,400,0
2025-11-25T14:50:03.663182+00:00,gnb:131-133-31000000,unknown,2,F1,,9.237546,,,,,,,,,,,,,,,
2025-11-25T14:50:03.663604+00:00,gnb:131-133-31000000,UE_3030303031,3,F1,,,,,,,0.0,,9.237546,,,,,,,,
2025-11-25T14:50:03.664418+00:00,gnb:131-133-31000000,unknown,2,F1,,,,,,,,,,,,,,,,,
2025-11-25T14:50:03.664574+00:00,gnb:131-133-31000000,UE_3030303031,3,F1,,,,,,,,1,,0,,,,,,,
2025-11-25T14:50:03.665632+00:00,gnb:131-133-31000000,CELL_1111,2,F1,1,,61,0,400,0,,,,,,,,,,,
2025-11-25T14:50:03.665854+00:00,gnb:131-133-31000000,UE_3030303031,3,F1,,,,,,,,,,,18452.455976,,,61,0,400,0
2025-11-25T14:50:03.666777+00:00,gnb:131-133-31000000,unknown,2,F1,,9.24215,,,,,,,,,,,,,,,
2025-11-25T14:50:03.667095+00:00,gnb:131-133-31000000,UE_3030303031,3,F1,,,,,,,0.0,,9.24215,,,,,,,,
2025-11-25T14:50:03.667872+00:00,gnb:131-133-31000000,unknown,2,F1,,,,,,,,,,,,,,,,,
2025-11-25T14:50:03.668154+00:00,gnb:131-133-31000000,UE_3030303031,3,F1,,,,,,,,1,,0,,,,,,,
2025-11-25T14:50:03.668926+00:00,gnb:131-133-31000000,CELL_1111,2,F1,1,,61,0,400,0,,,,,,,,,,,
2025-11-25T14:50:03.669126+00:00,gnb:131-133-31000000,UE_3030303031,3,F1,,,,,,,,,,,18446.414936,,,61,0,400,0
2025-11-25T14:50:03.670056+00:00,gnb:131-133-31000000,unknown,2,F1,,9.241769,,,,,,,,,,,,,,,
2025-11-25T14:50:03.670323+00:00,gnb:131-133-31000000,UE_3030303031,3,F1,,,,,,,0.0,,9.241769,,,,,,,,
2025-11-25T14:50:03.670939+00:00,gnb:131-133-31000000,unknown,2,F1,,,,,,,,,,,,,,,,,
2025-11-25T14:50:03.671087+00:00,gnb:131-133-31000000,UE_3030303031,3,F1,,,,,,,,1,,0,,,,,,,
2025-11-25T14:50:03.672202+00:00,gnb:131-133-31000000,CELL_1111,2,F1,1,,61,0,400,0,,,,,,,,,,,
2025-11-25T14:50:03.672451+00:00,gnb:131-133-31000000,UE_3030303031,3,F1,,,,,,,,,,,18440.586723,,,61,0,400,0
2025-11-25T14:50:03.673367+00:00,gnb:131-133-31000000,unknown,2,F1,,9.238564,,,,,,,,,,,,,,,
2025-11-25T14:50:03.673591+00:00,gnb:131-133-31000000,UE_3030303031,3,F1,,,,,,,0.0,,9.238564,,,,,,,,
2025-11-25T14:50:03.674219+00:00,gnb:131-133-31000000,unknown,2,F1,,,,,,,,,,,,,,,,,
2025-11-25T14:50:03.674421+00:00,gnb:131-133-31000000,UE_3030303031,3,F1,,,,,,,,1,,0,,,,,,,
2025-11-25T14:50:03.676357+00:00,gnb:131-133-31000000,CELL_1111,2,F1,1,,61,0,400,0,,,,,,,,,,,
2025-11-25T14:50:03.676607+00:00,gnb:131-133-31000000,UE_3030303031,3,F1,,,,,,,,,,,18434.76376,,,61,0,400,0
2025-11-25T14:50:03.679088+00:00,gnb:131-133-31000000,unknown,2,F1,,9.23935,,,,,,,,,,,,,,,
2025-11-25T14:50:03.679496+00:00,gnb:131-133-31000000,UE_3030303031,3,F1,,,,,,,0.0,,9.23935,,,,,,,,
2025-11-25T14:50:03.680280+00:00,gnb:131-133-31000000,unknown,2,F1,,,,,,,,,,,,,,,,,
2025-11-25T14:50:03.680659+00:00,gnb:131-133-31000000,UE_3030303031,3,F1,,,,,,,,1,,0,,,,,,,
2025-11-25T14:50:03.681430+00:00,gnb:131-133-31000000,CELL_1111,2,F1,1,,61,0,400,0,,,,,,,,,,,
2025-11-25T14:50:03.681790+00:00,gnb:131-133-31000000,UE_3030303031,3,F1,,,,,,,,,,,18429.095515,,,61,0,400,0
2025-11-25T14:50:03.682510+00:00,gnb:131-133-31000000,unknown,2,F1,,9.240648,,,,,,,,,,,,,,,
2025-11-25T14:50:03.682960+00:00,gnb:131-133-31000000,UE_3030303031,3,F1,,,,,,,0.0,,9.240648,,,,,,,,
2025-11-25T14:50:03.683816+00:00,gnb:131-133-31000000,unknown,2,F1,,,,,,,,,,,,,,,,,
2025-11-25T14:50:03.684127+00:00,gnb:131-133-31000000,UE_3030303031,3,F1,,,,,,,,1,,0,,,,,,,
2025-11-25T14:50:03.684759+00:00,gnb:131-133-31000000,CELL_1111,2,F1,1,,61,0,400,0,,,,,,,,,,,
2025-11-25T14:50:03.684909+00:00,gnb:131-133-31000000,UE_3030303031,3,F1,,,,,,,,,,,18423.508445,,,61,0,400,0
2025-11-25T14:50:03.685572+00:00,gnb:131-133-31000000,unknown,2,F1,,9.237346,,,,,,,,,,,,,,,
2025-11-25T14:50:03.685817+00:00,gnb:131-133-31000000,UE_3030303031,3,F1,,,,,,,0.0,,9.237346,,,,,,,,
2025-11-25T14:50:03.686375+00:00,gnb:131-133-31000000,unknown,2,F1,,,,,,,,,,,,,,,,,
2025-11-25T14:50:03.686565+00:00,gnb:131-133-31000000,UE_3030303031,3,F1,,,,,,,,1,,0,,,,,,,
2025-11-25T14:50:03.687225+00:00,gnb:131-133-31000000,CELL_1111,2,F1,1,,61,0,400,0,,,,,,,,,,,
2025-11-25T14:50:03.687593+00:00,gnb:131-133-31000000,UE_3030303031,3,F1,,,,,,,,,,,18417.998233,,,61,0,400,0
2025-11-25T14:50:03.688321+00:00,gnb:131-133-31000000,unknown,2,F1,,9.247388,,,,,,,,,,,,,,,
2025-11-25T14:50:03.688575+00:00,gnb:131-133-31000000,UE_3030303031,3,F1,,,,,,,0.0,,9.247388,,,,,,,,
2025-11-25T14:50:03.689187+00:00,gnb:131-133-31000000,unknown,2,F1,,,,,,,,,,,,,,,,,
2025-11-25T14:50:03.689452+00:00,gnb:131-133-31000000,UE_3030303031,3,F1,,,,,,,,1,,0,,,,,,,
2025-11-25T14:50:03.690163+00:00,gnb:131-133-31000000,CELL_1111,2,F1,1,,61,0,400,0,,,,,,,,,,,
2025-11-25T14:50:03.690576+00:00,gnb:131-133-31000000,UE_3030303031,3,F1,,,,,,,,,,,18412.456238,,,61,0,400,0
2025-11-25T14:50:03.691646+00:00,gnb:131-133-31000000,unknown,2,F1,,9.241569,,,,,,,,,,,,,,,
2025-11-25T14:50:03.691835+00:00,gnb:131-133-31000000,UE_3030303031,3,F1,,,,,,,0.0,,9.241569,,,,,,,,
2025-11-25T14:50:03.692453+00:00,gnb:131-133-31000000,unknown,2,F1,,,,,,,,,,,,,,,,,
2025-11-25T14:50:03.692611+00:00,gnb:131-133-31000000,UE_3030303031,3,F1,,,,,,,,1,,0,,,,,,,
2025-11-25T14:50:03.694592+00:00,gnb:131-133-31000000,CELL_1111,2,F1,1,,61,0,400,0,,,,,,,,,,,
2025-11-25T14:50:03.694814+00:00,gnb:131-133-31000000,UE_3030303031,3,F1,,,,,,,,,,,18407.095687,,,61,0,400,0
2025-11-25T14:50:03.695674+00:00,gnb:131-133-31000000,unknown,2,F1,,9.238364,,,,,,,,,,,,,,,
2025-11-25T14:50:03.697670+00:00,gnb:131-133-31000000,UE_3030303031,3,F1,,,,,,,0.0,,9.238364,,,,,,,,
2025-11-25T14:50:03.698420+00:00,gnb:131-133-31000000,unknown,2,F1,,,,,,,,,,,,,,,,,
2025-11-25T14:50:03.698557+00:00,gnb:131-133-31000000,UE_3030303031,3,F1,,,,,,,,1,,0,,,,,,,
2025-11-25T14:50:03.699085+00:00,gnb:131-133-31000000,CELL_1111,2,F1,1,,61,0,400,0,,,,,,,,,,,
2025-11-25T14:50:03.699336+00:00,gnb:131-133-31000000,UE_3030303031,3,F1,,,,,,,,,,,18401.73441,,,61,0,400,0
2025-11-25T14:50:03.700212+00:00,gnb:131-133-31000000,unknown,2,F1,,9.23915,,,,,,,,,,,,,,,
2025-11-25T14:50:03.702664+00:00,gnb:131-133-31000000,UE_3030303031,3,F1,,,,,,,0.0,,9.23915,,,,,,,,
2025-11-25T14:50:03.703193+00:00,gnb:131-133-31000000,unknown,2,F1,,,,,,,,,,,,,,,,,
2025-11-25T14:50:03.703327+00:00,gnb:131-133-31000000,UE_3030303031,3,F1,,,,,,,,1,,0,,,,,,,
2025-11-25T14:50:03.703823+00:00,gnb:131-133-31000000,CELL_1111,2,F1,1,,61,0,400,0,,,,,,,,,,,
2025-11-25T14:50:03.703960+00:00,gnb:131-133-31000000,UE_3030303031,3,F1,,,,,,,,,,,18396.514912,,,61,0,400,0
2025-11-25T14:50:03.704686+00:00,gnb:131-133-31000000,unknown,2,F1,,9.240648,,,,,,,,,,,,,,,
2025-11-25T14:50:03.704997+00:00,gnb:131-133-31000000,UE_3030303031,3,F1,,,,,,,0.0,,9.240648,,,,,,,,
2025-11-25T14:50:03.706597+00:00,gnb:131-133-31000000,unknown,2,F1,,,,,,,,,,,,,,,,,
2025-11-25T14:50:03.707075+00:00,gnb:131-133-31000000,UE_3030303031,3,F1,,,,,,,,1,,0,,,,,,,
2025-11-25T14:50:03.709076+00:00,gnb:131-133-31000000,CELL_1111,2,F1,1,,61,0,400,0,,,,,,,,,,,
2025-11-25T14:50:03.709224+00:00,gnb:131-133-31000000,UE_3030303031,3,F1,,,,,,,,,,,18391.367383,,,61,0,400,0
2025-11-25T14:50:03.709537+00:00,gnb:131-133-31000000,unknown,2,F1,,9.237346,,,,,,,,,,,,,,,
2025-11-25T14:50:03.709948+00:00,gnb:131-133-31000000,UE_3030303031,3,F1,,,,,,,0.0,,9.237346,,,,,,,,
2025-11-25T14:50:03.712827+00:00,gnb:131-133-31000000,unknown,2,F1,,,,,,,,,,,,,,,,,
2025-11-25T14:50:03.713080+00:00,gnb:131-133-31000000,UE_3030303031,3,F1,,,,,,,,1,,0,,,,,,,
2025-11-25T14:50:03.713617+00:00,gnb:131-133-31000000,CELL_1111,2,F1,1,,61,0,400,0,,,,,,,,,,,
2025-11-25T14:50:03.713801+00:00,gnb:131-133-31000000,UE_3030303031,3,F1,,,,,,,,,,,18386.287859,,,61,0,400,0
2025-11-25T14:50:03.714232+00:00,gnb:131-133-31000000,unknown,2,F1,,9.24195,,,,,,,,,,,,,,,
2025-11-25T14:50:03.714349+00:00,gnb:131-133-31000000,UE_3030303031,3,F1,,,,,,,0.0,,9.24195,,,,,,,,
2025-11-25T14:50:03.714859+00:00,gnb:131-133-31000000,unknown,2,F1,,,,,,,,,,,,,,,,,
2025-11-25T14:50:03.715038+00:00,gnb:131-133-31000000,UE_3030303031,3,F1,,,,,,,,1,,0,,,,,,,
2025-11-25T14:50:03.717892+00:00,gnb:131-133-31000000,CELL_1111,2,F1,1,,61,0,400,0,,,,,,,,,,,
2025-11-25T14:50:03.718227+00:00,gnb:131-133-31000000,UE_3030303031,3,F1,,,,,,,,,,,18381.155575,,,61,0,400,0
2025-11-25T14:50:03.719043+00:00,gnb:131-133-31000000,unknown,2,F1,,9.241569,,,,,,,,,,,,,,,
2025-11-25T14:50:03.719629+00:00,gnb:131-133-31000000,UE_3030303031,3,F1,,,,,,,0.0,,9.241569,,,,,,,,
2025-11-25T14:50:03.720213+00:00,gnb:131-133-31000000,unknown,2,F1,,,,,,,,,,,,,,,,,
2025-11-25T14:50:03.720751+00:00,gnb:131-133-31000000,UE_3030303031,3,F1,,,,,,,,1,,0,,,,,,,
2025-11-25T14:50:03.722680+00:00,gnb:131-133-31000000,CELL_1111,2,F1,1,,61,0,400,0,,,,,,,,,,,
2025-11-25T14:50:03.722950+00:00,gnb:131-133-31000000,UE_3030303031,3,F1,,,,,,,,,,,18376.20877,,,61,0,400,0
2025-11-25T14:50:03.723441+00:00,gnb:131-133-31000000,unknown,2,F1,,9.238164,,,,,,,,,,,,,,,
2025-11-25T14:50:03.723655+00:00,gnb:131-133-31000000,UE_3030303031,3,F1,,,,,,,0.0,,9.238164,,,,,,,,
2025-11-25T14:50:03.724076+00:00,gnb:131-133-31000000,unknown,2,F1,,,,,,,,,,,,,,,,,
2025-11-25T14:50:03.724260+00:00,gnb:131-133-31000000,UE_3030303031,3,F1,,,,,,,,1,,0,,,,,,,
2025-11-25T14:50:03.724725+00:00,gnb:131-133-31000000,CELL_1111,2,F1,1,,61,0,400,0,,,,,,,,,,,
2025-11-25T14:50:03.724951+00:00,gnb:131-133-31000000,UE_3030303031,3,F1,,,,,,,,,,,18371.256387,,,61,0,400,0
2025-11-25T14:50:03.725396+00:00,gnb:131-133-31000000,unknown,2,F1,,9.23895,,,,,,,,,,,,,,,
2025-11-25T14:50:03.725607+00:00,gnb:131-133-31000000,UE_3030303031,3,F1,,,,,,,0.0,,9.23895,,,,,,,,
2025-11-25T14:50:03.726191+00:00,gnb:131-133-31000000,unknown,2,F1,,,,,,,,,,,,,,,,,
2025-11-25T14:50:03.726408+00:00,gnb:131-133-31000000,UE_3030303031,3,F1,,,,,,,,1,,0,,,,,,,
2025-11-25T14:50:03.726847+00:00,gnb:131-133-31000000,CELL_1111,2,F1,1,,61,0,400,0,,,,,,,,,,,
2025-11-25T14:50:03.727061+00:00,gnb:131-133-31000000,UE_3030303031,3,F1,,,,,,,,,,,18366.434564,,,61,0,400,0
2025-11-25T14:50:03.727587+00:00,gnb:131-133-31000000,unknown,2,F1,,9.247236,,,,,,,,,,,,,,,
2025-11-25T14:50:03.727776+00:00,gnb:131-133-31000000,UE_3030303031,3,F1,,,,,,,0.0,,9.247236,,,,,,,,
2025-11-25T14:50:03.728204+00:00,gnb:131-133-31000000,unknown,2,F1,,,,,,,,,,,,,,,,,
2025-11-25T14:50:03.728477+00:00,gnb:131-133-31000000,UE_3030303031,3,F1,,,,,,,,1,,0,,,,,,,
2025-11-25T14:50:03.729099+00:00,gnb:131-133-31000000,CELL_1111,2,F1,1,,61,0,400,0,,,,,,,,,,,
2025-11-25T14:50:03.729322+00:00,gnb:131-133-31000000,UE_3030303031,3,F1,,,,,,,,,,,18361.692481,,,61,0,400,0
2025-11-25T14:50:03.729828+00:00,gnb:131-133-31000000,unknown,2,F1,,9.237146,,,,,,,,,,,,,,,
2025-11-25T14:50:03.730051+00:00,gnb:131-133-31000000,UE_3030303031,3,F1,,,,,,,0.0,,9.237146,,,,,,,,
2025-11-25T14:50:03.730504+00:00,gnb:131-133-31000000,unknown,2,F1,,,,,,,,,,,,,,,,,
2025-11-25T14:50:03.730844+00:00,gnb:131-133-31000000,UE_3030303031,3,F1,,,,,,,,1,,0,,,,,,,
2025-11-25T14:50:03.731441+00:00,gnb:131-133-31000000,CELL_1111,2,F1,1,,61,0,400,0,,,,,,,,,,,
2025-11-25T14:50:03.731789+00:00,gnb:131-133-31000000,UE_3030303031,3,F1,,,,,,,,,,,18356.995139,,,61,0,400,0
2025-11-25T14:50:03.732532+00:00,gnb:131-133-31000000,unknown,2,F1,,9.24175,,,,,,,,,,,,,,,
2025-11-25T14:50:03.732951+00:00,gnb:131-133-31000000,UE_3030303031,3,F1,,,,,,,0.0,,9.24175,,,,,,,,
2025-11-25T14:50:03.733745+00:00,gnb:131-133-31000000,unknown,2,F1,,,,,,,,,,,,,,,,,
2025-11-25T14:50:03.734038+00:00,gnb:131-133-31000000,UE_3030303031,3,F1,,,,,,,,1,,0,,,,,,,
2025-11-25T14:50:03.734575+00:00,gnb:131-133-31000000,CELL_1111,2,F1,1,,61,0,400,0,,,,,,,,,,,
2025-11-25T14:50:03.734840+00:00,gnb:131-133-31000000,UE_3030303031,3,F1,,,,,,,,,,,18352.241723,,,61,0,400,0
2025-11-25T14:50:03.735296+00:00,gnb:131-133-31000000,unknown,2,F1,,9.241369,,,,,,,,,,,,,,,
2025-11-25T14:50:03.735490+00:00,gnb:131-133-31000000,UE_3030303031,3,F1,,,,,,,0.0,,9.241369,,,,,,,,
2025-11-25T14:50:03.736030+00:00,gnb:131-133-31000000,unknown,2,F1,,,,,,,,,,,,,,,,,
2025-11-25T14:50:03.736223+00:00,gnb:131-133-31000000,UE_3030303031,3,F1,,,,,,,,1,,0,,,,,,,
2025-11-25T14:50:03.736780+00:00,gnb:131-133-31000000,CELL_1111,2,F1,1,,61,0,400,0,,,,,,,,,,,
2025-11-25T14:50:03.737013+00:00,gnb:131-133-31000000,UE_3030303031,3,F1,,,,,,,,,,,18347.66254,,,61,0,400,0
2025-11-25T14:50:03.737488+00:00,gnb:131-133-31000000,unknown,2,F1,,9.238164,,,,,,,,,,,,,,,
2025-11-25T14:50:03.737732+00:00,gnb:131-133-31000000,UE_3030303031,3,F1,,,,,,,0.0,,9.238164,,,,,,,,
2025-11-25T14:50:03.738224+00:00,gnb:131-133-31000000,unknown,2,F1,,,,,,,,,,,,,,,,,
2025-11-25T14:50:03.738433+00:00,gnb:131-133-31000000,UE_3030303031,3,F1,,,,,,,,1,,0,,,,,,,
2025-11-25T14:50:03.739118+00:00,gnb:131-133-31000000,CELL_1111,2,F1,1,,61,0,400,0,,,,,,,,,,,
2025-11-25T14:50:03.739336+00:00,gnb:131-133-31000000,UE_3030303031,3,F1,,,,,,,,,,,18343.07383,,,61,0,400,0
2025-11-25T14:50:03.739844+00:00,gnb:131-133-31000000,unknown,2,F1,,9.23895,,,,,,,,,,,,,,,
2025-11-25T14:50:03.740004+00:00,gnb:131-133-31000000,UE_3030303031,3,F1,,,,,,,0.0,,9.23895,,,,,,,,
2025-11-25T14:50:03.740427+00:00,gnb:131-133-31000000,unknown,2,F1,,,,,,,,,,,,,,,,,
2025-11-25T14:50:03.740612+00:00,gnb:131-133-31000000,UE_3030303031,3,F1,,,,,,,,1,,0,,,,,,,
2025-11-25T14:50:03.741113+00:00,gnb:131-133-31000000,CELL_1111,2,F1,1,,61,0,400,0,,,,,,,,,,,
2025-11-25T14:50:03.741245+00:00,gnb:131-133-31000000,UE_3030303031,3,F1,,,,,,,,,,,18338.60589,,,61,0,400,0
2025-11-25T14:50:03.741778+00:00,gnb:131-133-31000000,unknown,2,F1,,9.240448,,,,,,,,,,,,,,,
2025-11-25T14:50:03.741957+00:00,gnb:131-133-31000000,UE_3030303031,3,F1,,,,,,,0.0,,9.240448,,,,,,,,
2025-11-25T14:50:03.742620+00:00,gnb:131-133-31000000,unknown,2,F1,,,,,,,,,,,,,,,,,
2025-11-25T14:50:03.742875+00:00,gnb:131-133-31000000,UE_3030303031,3,F1,,,,,,,,1,,0,,,,,,,
2025-11-25T14:50:03.743364+00:00,gnb:131-133-31000000,CELL_1111,2,F1,1,,61,0,400,0,,,,,,,,,,,
2025-11-25T14:50:03.743550+00:00,gnb:131-133-31000000,UE_3030303031,3,F1,,,,,,,,,,,18334.195344,,,61,0,400,0
2025-11-25T14:50:03.743959+00:00,gnb:131-133-31000000,unknown,2,F1,,9.237146,,,,,,,,,,,,,,,
2025-11-25T14:50:03.744131+00:00,gnb:131-133-31000000,UE_3030303031,3,F1,,,,,,,0.0,,9.237146,,,,,,,,
2025-11-25T14:50:03.744511+00:00,gnb:131-133-31000000,unknown,2,F1,,,,,,,,,,,,,,,,,
2025-11-25T14:50:03.744729+00:00,gnb:131-133-31000000,UE_3030303031,3,F1,,,,,,,,1,,0,,,,,,,
2025-11-25T14:50:03.745383+00:00,gnb:131-133-31000000,CELL_1111,2,F1,1,,61,0,400,0,,,,,,,,,,,
2025-11-25T14:50:03.745714+00:00,gnb:131-133-31000000,UE_3030303031,3,F1,,,,,,,,,,,18329.838788,,,61,0,400,0
2025-11-25T14:50:03.746351+00:00,gnb:131-133-31000000,unknown,2,F1,,9.24155,,,,,,,,,,,,,,,
2025-11-25T14:50:03.746638+00:00,gnb:131-133-31000000,UE_3030303031,3,F1,,,,,,,0.0,,9.24155,,,,,,,,
2025-11-25T14:50:03.747251+00:00,gnb:131-133-31000000,unknown,2,F1,,,,,,,,,,,,,,,,,
2025-11-25T14:50:03.747498+00:00,gnb:131-133-31000000,UE_3030303031,3,F1,,,,,,,,1,,0,,,,,,,
2025-11-25T14:50:03.747968+00:00,gnb:131-133-31000000,CELL_1111,2,F1,1,,61,0,400,0,,,,,,,,,,,
2025-11-25T14:50:03.748154+00:00,gnb:131-133-31000000,UE_3030303031,3,F1,,,,,,,,,,,18325.423621,,,61,0,400,0
2025-11-25T14:50:03.748711+00:00,gnb:131-133-31000000,unknown,2,F1,,9.241169,,,,,,,,,,,,,,,
2025-11-25T14:50:03.748965+00:00,gnb:131-133-31000000,UE_3030303031,3,F1,,,,,,,0.0,,9.241169,,,,,,,,
2025-11-25T14:50:03.749483+00:00,gnb:131-133-31000000,unknown,2,F1,,,,,,,,,,,,,,,,,
2025-11-25T14:50:03.749695+00:00,gnb:131-133-31000000,UE_3030303031,3,F1,,,,,,,,1,,0,,,,,,,
2025-11-25T14:50:03.750229+00:00,gnb:131-133-31000000,CELL_1111,2,F1,1,,61,0,400,0,,,,,,,,,,,
2025-11-25T14:50:03.750440+00:00,gnb:131-133-31000000,UE_3030303031,3,F1,,,,,,,,,,,18321.172716,,,61,0,400,0
2025-11-25T14:50:03.751004+00:00,gnb:131-133-31000000,unknown,2,F1,,9.248841,,,,,,,,,,,,,,,
2025-11-25T14:50:03.751204+00:00,gnb:131-133-31000000,UE_3030303031,3,F1,,,,,,,0.0,,9.248841,,,,,,,,
2025-11-25T14:50:03.751620+00:00,gnb:131-133-31000000,unknown,2,F1,,,,,,,,,,,,,,,,,
2025-11-25T14:50:03.751817+00:00,gnb:131-133-31000000,UE_3030303031,3,F1,,,,,,,,1,,0,,,,,,,
2025-11-25T14:50:03.752247+00:00,gnb:131-133-31000000,CELL_1111,2,F1,1,,61,0,400,0,,,,,,,,,,,
2025-11-25T14:50:03.752445+00:00,gnb:131-133-31000000,UE_3030303031,3,F1,,,,,,,,,,,18316.930486,,,61,0,400,0
2025-11-25T14:50:03.752921+00:00,gnb:131-133-31000000,unknown,2,F1,,9.23875,,,,,,,,,,,,,,,
2025-11-25T14:50:03.753144+00:00,gnb:131-133-31000000,UE_3030303031,3,F1,,,,,,,0.0,,9.23875,,,,,,,,
2025-11-25T14:50:03.753561+00:00,gnb:131-133-31000000,unknown,2,F1,,,,,,,,,,,,,,,,,
2025-11-25T14:50:03.753755+00:00,gnb:131-133-31000000,UE_3030303031,3,F1,,,,,,,,1,,0,,,,,,,
2025-11-25T14:50:03.754282+00:00,gnb:131-133-31000000,CELL_1111,2,F1,1,,61,0,400,0,,,,,,,,,,,
2025-11-25T14:50:03.754438+00:00,gnb:131-133-31000000,UE_3030303031,3,F1,,,,,,,,,,,18312.778876,,,61,0,400,0
2025-11-25T14:50:03.755005+00:00,gnb:131-133-31000000,unknown,2,F1,,9.240248,,,,,,,,,,,,,,,
2025-11-25T14:50:03.755184+00:00,gnb:131-133-31000000,UE_3030303031,3,F1,,,,,,,0.0,,9.240248,,,,,,,,
2025-11-25T14:50:03.755794+00:00,gnb:131-133-31000000,unknown,2,F1,,,,,,,,,,,,,,,,,
2025-11-25T14:50:03.756069+00:00,gnb:131-133-31000000,UE_3030303031,3,F1,,,,,,,,1,,0,,,,,,,
2025-11-25T14:50:03.756574+00:00,gnb:131-133-31000000,CELL_1111,2,F1,1,,61,0,400,0,,,,,,,,,,,
2025-11-25T14:50:03.756860+00:00,gnb:131-133-31000000,UE_3030303031,3,F1,,,,,,,,,,,18308.678859,,,61,0,400,0
2025-11-25T14:50:03.757656+00:00,gnb:131-133-31000000,unknown,2,F1,,9.236946,,,,,,,,,,,,,,,
2025-11-25T14:50:03.757985+00:00,gnb:131-133-31000000,UE_3030303031,3,F1,,,,,,,0.0,,9.236946,,,,,,,,
2025-11-25T14:50:03.758649+00:00,gnb:131-133-31000000,unknown,2,F1,,,,,,,,,,,,,,,,,
2025-11-25T14:50:03.758977+00:00,gnb:131-133-31000000,UE_3030303031,3,F1,,,,,,,,1,,0,,,,,,,
2025-11-25T14:50:03.759607+00:00,gnb:131-133-31000000,CELL_1111,2,F1,1,,61,0,400,0,,,,,,,,,,,
2025-11-25T14:50:03.759881+00:00,gnb:131-133-31000000,UE_3030303031,3,F1,,,,,,,,,,,18304.627252,,,61,0,400,0
2025-11-25T14:50:03.760478+00:00,gnb:131-133-31000000,unknown,2,F1,,9.24155,,,,,,,,,,,,,,,
2025-11-25T14:50:03.760770+00:00,gnb:131-133-31000000,UE_3030303031,3,F1,,,,,,,0.0,,9.24155,,,,,,,,
2025-11-25T14:50:03.761363+00:00,gnb:131-133-31000000,unknown,2,F1,,,,,,,,,,,,,,,,,
2025-11-25T14:50:03.761640+00:00,gnb:131-133-31000000,UE_3030303031,3,F1,,,,,,,,1,,0,,,,,,,
2025-11-25T14:50:32.780492+00:00,gnb:131-133-31000000,CELL_1111,2,F1,1,,61,0,400,0,,,,,,,,,,,
2025-11-25T14:50:32.780669+00:00,gnb:131-133-31000000,UE_3030303031,3,F1,,,,,,,,,,,18300.515128,,,61,0,400,0
2025-11-25T14:50:32.781007+00:00,gnb:131-133-31000000,unknown,2,F1,,9.241169,,,,,,,,,,,,,,,
2025-11-25T14:50:32.781156+00:00,gnb:131-133-31000000,UE_3030303031,3,F1,,,,,,,0.0,,9.241169,,,,,,,,
2025-11-25T14:50:32.781457+00:00,gnb:131-133-31000000,unknown,2,F1,,,,,,,,,,,,,,,,,
2025-11-25T14:50:32.784626+00:00,gnb:131-133-31000000,UE_3030303031,3,F1,,,,,,,,1,,0,,,,,,,
2025-11-25T14:50:32.785021+00:00,gnb:131-133-31000000,CELL_1111,2,F1,1,,61,0,400,0,,,,,,,,,,,
2025-11-25T14:50:32.785142+00:00,gnb:131-133-31000000,UE_3030303031,3,F1,,,,,,,,,,,18296.558372,,,61,0,400,0
2025-11-25T14:50:32.785481+00:00,gnb:131-133-31000000,unknown,2,F1,,9.237964,,,,,,,,,,,,,,,
2025-11-25T14:50:32.788823+00:00,gnb:131-133-31000000,UE_3030303031,3,F1,,,,,,,0.0,,9.237964,,,,,,,,
2025-11-25T14:50:32.789476+00:00,gnb:131-133-31000000,unknown,2,F1,,,,,,,,,,,,,,,,,
2025-11-25T14:50:32.789817+00:00,gnb:131-133-31000000,UE_3030303031,3,F1,,,,,,,,1,,0,,,,,,,
2025-11-25T14:50:32.790296+00:00,gnb:131-133-31000000,CELL_1111,2,F1,1,,61,0,400,0,,,,,,,,,,,
2025-11-25T14:50:32.790557+00:00,gnb:131-133-31000000,UE_3030303031,3,F1,,,,,,,,,,,18292.586241,,,61,0,400,0
2025-11-25T14:50:32.791125+00:00,gnb:131-133-31000000,unknown,2,F1,,9.23875,,,,,,,,,,,,,,,
2025-11-25T14:50:32.791343+00:00,gnb:131-133-31000000,UE_3030303031,3,F1,,,,,,,0.0,,9.23875,,,,,,,,
2025-11-25T14:50:32.791963+00:00,gnb:131-133-31000000,unknown,2,F1,,,,,,,,,,,,,,,,,
2025-11-25T14:50:32.792250+00:00,gnb:131-133-31000000,UE_3030303031,3,F1,,,,,,,,1,,0,,,,,,,
2025-11-25T14:50:32.792901+00:00,gnb:131-133-31000000,CELL_1111,2,F1,1,,61,0,400,0,,,,,,,,,,,
2025-11-25T14:50:32.793222+00:00,gnb:131-133-31000000,UE_3030303031,3,F1,,,,,,,,,,,18288.718695,,,61,0,400,0
2025-11-25T14:50:32.793824+00:00,gnb:131-133-31000000,unknown,2,F1,,9.240048,,,,,,,,,,,,,,,
2025-11-25T14:50:32.794058+00:00,gnb:131-133-31000000,UE_3030303031,3,F1,,,,,,,0.0,,9.240048,,,,,,,,
2025-11-25T14:50:32.794714+00:00,gnb:131-133-31000000,unknown,2,F1,,,,,,,,,,,,,,,,,
2025-11-25T14:50:32.794952+00:00,gnb:131-133-31000000,UE_3030303031,3,F1,,,,,,,,1,,0,,,,,,,
2025-11-25T14:50:32.795534+00:00,gnb:131-133-31000000,CELL_1111,2,F1,1,,61,0,400,0,,,,,,,,,,,
2025-11-25T14:50:32.795830+00:00,gnb:131-133-31000000,UE_3030303031,3,F1,,,,,,,,,,,18284.897708,,,61,0,400,0
2025-11-25T14:50:32.796669+00:00,gnb:131-133-31000000,unknown,2,F1,,9.236746,,,,,,,,,,,,,,,
2025-11-25T14:50:32.797023+00:00,gnb:131-133-31000000,UE_3030303031,3,F1,,,,,,,0.0,,9.236746,,,,,,,,
2025-11-25T14:50:32.798077+00:00,gnb:131-133-31000000,unknown,2,F1,,,,,,,,,,,,,,,,,
2025-11-25T14:50:32.798260+00:00,gnb:131-133-31000000,UE_3030303031,3,F1,,,,,,,,1,,0,,,,,,,
2025-11-25T14:50:32.799961+00:00,gnb:131-133-31000000,CELL_1111,2,F1,1,,61,0,400,0,,,,,,,,,,,
2025-11-25T14:50:32.800129+00:00,gnb:131-133-31000000,UE_3030303031,3,F1,,,,,,,,,,,18281.120293,,,61,0,400,0
2025-11-25T14:50:32.801249+00:00,gnb:131-133-31000000,unknown,2,F1,,9.246789,,,,,,,,,,,,,,,
2025-11-25T14:50:32.801523+00:00,gnb:131-133-31000000,UE_3030303031,3,F1,,,,,,,0.0,,9.246789,,,,,,,,
2025-11-25T14:50:32.802353+00:00,gnb:131-133-31000000,unknown,2,F1,,,,,,,,,,,,,,,,,
2025-11-25T14:50:32.802530+00:00,gnb:131-133-31000000,UE_3030303031,3,F1,,,,,,,,1,,0,,,,,,,
2025-11-25T14:50:32.803315+00:00,gnb:131-133-31000000,CELL_1111,2,F1,1,,61,0,400,0,,,,,,,,,,,
2025-11-25T14:50:32.803479+00:00,gnb:131-133-31000000,UE_3030303031,3,F1,,,,,,,,,,,18277.294808,,,61,0,400,0
2025-11-25T14:50:32.804146+00:00,gnb:131-133-31000000,unknown,2,F1,,9.240969,,,,,,,,,,,,,,,
2025-11-25T14:50:32.804322+00:00,gnb:131-133-31000000,UE_3030303031,3,F1,,,,,,,0.0,,9.240969,,,,,,,,
2025-11-25T14:50:32.805190+00:00,gnb:131-133-31000000,unknown,2,F1,,,,,,,,,,,,,,,,,
2025-11-25T14:50:32.805399+00:00,gnb:131-133-31000000,UE_3030303031,3,F1,,,,,,,,1,,0,,,,,,,
2025-11-25T14:50:32.806180+00:00,gnb:131-133-31000000,CELL_1111,2,F1,1,,61,0,400,0,,,,,,,,,,,
2025-11-25T14:50:32.806429+00:00,gnb:131-133-31000000,UE_3030303031,3,F1,,,,,,,,,,,18273.602788,,,61,0,400,0
2025-11-25T14:50:32.807100+00:00,gnb:131-133-31000000,unknown,2,F1,,9.237764,,,,,,,,,,,,,,,
2025-11-25T14:50:32.807353+00:00,gnb:131-133-31000000,UE_3030303031,3,F1,,,,,,,0.0,,9.237764,,,,,,,,
2025-11-25T14:50:32.807961+00:00,gnb:131-133-31000000,unknown,2,F1,,,,,,,,,,,,,,,,,
2025-11-25T14:50:32.808071+00:00,gnb:131-133-31000000,UE_3030303031,3,F1,,,,,,,,1,,0,,,,,,,
2025-11-25T14:50:32.808763+00:00,gnb:131-133-31000000,CELL_1111,2,F1,1,,61,0,400,0,,,,,,,,,,,
2025-11-25T14:50:32.808980+00:00,gnb:131-133-31000000,UE_3030303031,3,F1,,,,,,,,,,,18269.893249,,,61,0,400,0
2025-11-25T14:50:32.809769+00:00,gnb:131-133-31000000,unknown,2,F1,,9.23855,,,,,,,,,,,,,,,
2025-11-25T14:50:32.809937+00:00,gnb:131-133-31000000,UE_3030303031,3,F1,,,,,,,0.0,,9.23855,,,,,,,,
2025-11-25T14:50:32.810603+00:00,gnb:131-133-31000000,unknown,2,F1,,,,,,,,,,,,,,,,,
2025-11-25T14:50:32.810813+00:00,gnb:131-133-31000000,UE_3030303031,3,F1,,,,,,,,1,,0,,,,,,,
2025-11-25T14:50:32.811285+00:00,gnb:131-133-31000000,CELL_1111,2,F1,1,,61,0,400,0,,,,,,,,,,,
2025-11-25T14:50:32.811472+00:00,gnb:131-133-31000000,UE_3030303031,3,F1,,,,,,,,,,,18266.28156,,,61,0,400,0
2025-11-25T14:50:32.811880+00:00,gnb:131-133-31000000,unknown,2,F1,,9.240048,,,,,,,,,,,,,,,
2025-11-25T14:50:32.812063+00:00,gnb:131-133-31000000,UE_3030303031,3,F1,,,,,,,0.0,,9.240048,,,,,,,,
2025-11-25T14:50:32.812380+00:00,gnb:131-133-31000000,unknown,2,F1,,,,,,,,,,,,,,,,,
2025-11-25T14:50:32.812506+00:00,gnb:131-133-31000000,UE_3030303031,3,F1,,,,,,,,1,,0,,,,,,,
2025-11-25T14:50:32.812874+00:00,gnb:131-133-31000000,CELL_1111,2,F1,1,,61,0,400,0,,,,,,,,,,,
2025-11-25T14:50:32.813005+00:00,gnb:131-133-31000000,UE_3030303031,3,F1,,,,,,,,,,,18262.712045,,,61,0,400,0
2025-11-25T14:50:32.813352+00:00,gnb:131-133-31000000,unknown,2,F1,,9.236746,,,,,,,,,,,,,,,
2025-11-25T14:50:32.813497+00:00,gnb:131-133-31000000,UE_3030303031,3,F1,,,,,,,0.0,,9.236746,,,,,,,,
2025-11-25T14:50:32.813805+00:00,gnb:131-133-31000000,unknown,2,F1,,,,,,,,,,,,,,,,,
2025-11-25T14:50:32.813949+00:00,gnb:131-133-31000000,UE_3030303031,3,F1,,,,,,,,1,,0,,,,,,,
2025-11-25T14:50:32.814327+00:00,gnb:131-133-31000000,CELL_1111,2,F1,1,,61,0,400,0,,,,,,,,,,,
2025-11-25T14:50:32.814453+00:00,gnb:131-133-31000000,UE_3030303031,3,F1,,,,,,,,,,,18259.181888,,,61,0,400,0
2025-11-25T14:50:32.814840+00:00,gnb:131-133-31000000,unknown,2,F1,,9.24135,,,,,,,,,,,,,,,
2025-11-25T14:50:32.815050+00:00,gnb:131-133-31000000,UE_3030303031,3,F1,,,,,,,0.0,,9.24135,,,,,,,,
2025-11-25T14:50:32.815442+00:00,gnb:131-133-31000000,unknown,2,F1,,,,,,,,,,,,,,,,,
2025-11-25T14:50:32.815712+00:00,gnb:131-133-31000000,UE_3030303031,3,F1,,,,,,,,1,,0,,,,,,,
2025-11-25T14:50:32.816169+00:00,gnb:131-133-31000000,CELL_1111,2,F1,1,,61,0,400,0,,,,,,,,,,,
2025-11-25T14:50:32.816405+00:00,gnb:131-133-31000000,UE_3030303031,3,F1,,,,,,,,,,,18255.58882,,,61,0,400,0
2025-11-25T14:50:32.816914+00:00,gnb:131-133-31000000,unknown,2,F1,,9.240969,,,,,,,,,,,,,,,
2025-11-25T14:50:32.817178+00:00,gnb:131-133-31000000,UE_3030303031,3,F1,,,,,,,0.0,,9.240969,,,,,,,,
2025-11-25T14:50:32.817688+00:00,gnb:131-133-31000000,unknown,2,F1,,,,,,,,,,,,,,,,,
2025-11-25T14:50:32.817875+00:00,gnb:131-133-31000000,UE_3030303031,3,F1,,,,,,,,1,,0,,,,,,,
2025-11-25T14:50:32.818517+00:00,gnb:131-133-31000000,CELL_1111,2,F1,1,,61,0,400,0,,,,,,,,,,,
2025-11-25T14:50:32.818864+00:00,gnb:131-133-31000000,UE_3030303031,3,F1,,,,,,,,,,,18252.135955,,,61,0,400,0
2025-11-25T14:50:32.819510+00:00,gnb:131-133-31000000,unknown,2,F1,,9.237564,,,,,,,,,,,,,,,
2025-11-25T14:50:32.819736+00:00,gnb:131-133-31000000,UE_3030303031,3,F1,,,,,,,0.0,,9.237564,,,,,,,,
2025-11-25T14:50:32.820438+00:00,gnb:131-133-31000000,unknown,2,F1,,,,,,,,,,,,,,,,,
2025-11-25T14:50:32.820758+00:00,gnb:131-133-31000000,UE_3030303031,3,F1,,,,,,,,1,,0,,,,,,,
2025-11-25T14:50:32.821406+00:00,gnb:131-133-31000000,CELL_1111,2,F1,1,,61,0,400,0,,,,,,,,,,,
2025-11-25T14:50:32.821717+00:00,gnb:131-133-31000000,UE_3030303031,3,F1,,,,,,,,,,,18248.663827,,,61,0,400,0
2025-11-25T14:50:32.822281+00:00,gnb:131-133-31000000,unknown,2,F1,,9.23835,,,,,,,,,,,,,,,
2025-11-25T14:50:32.822471+00:00,gnb:131-133-31000000,UE_3030303031,3,F1,,,,,,,0.0,,9.23835,,,,,,,,
2025-11-25T14:50:32.822958+00:00,gnb:131-133-31000000,unknown,2,F1,,,,,,,,,,,,,,,,,
2025-11-25T14:50:32.823165+00:00,gnb:131-133-31000000,UE_3030303031,3,F1,,,,,,,,1,,0,,,,,,,
2025-11-25T14:50:32.823544+00:00,gnb:131-133-31000000,CELL_1111,2,F1,1,,61,0,400,0,,,,,,,,,,,
2025-11-25T14:50:32.823727+00:00,gnb:131-133-31000000,UE_3030303031,3,F1,,,,,,,,,,,18245.283539,,,61,0,400,0
2025-11-25T14:50:32.824132+00:00,gnb:131-133-31000000,unknown,2,F1,,9.246637,,,,,,,,,,,,,,,
2025-11-25T14:50:32.824371+00:00,gnb:131-133-31000000,UE_3030303031,3,F1,,,,,,,0.0,,9.246637,,,,,,,,
2025-11-25T14:50:32.824775+00:00,gnb:131-133-31000000,unknown,2,F1,,,,,,,,,,,,,,,,,
2025-11-25T14:50:32.824936+00:00,gnb:131-133-31000000,UE_3030303031,3,F1,,,,,,,,1,,0,,,,,,,
2025-11-25T14:50:32.825341+00:00,gnb:131-133-31000000,CELL_1111,2,F1,1,,61,0,400,0,,,,,,,,,,,
2025-11-25T14:50:32.825603+00:00,gnb:131-133-31000000,UE_3030303031,3,F1,,,,,,,,,,,18241.95469,,,61,0,400,0
2025-11-25T14:50:32.826003+00:00,gnb:131-133-31000000,unknown,2,F1,,9.236546,,,,,,,,,,,,,,,
2025-11-25T14:50:32.826156+00:00,gnb:131-133-31000000,UE_3030303031,3,F1,,,,,,,0.0,,9.236546,,,,,,,,
2025-11-25T14:50:32.826687+00:00,gnb:131-133-31000000,unknown,2,F1,,,,,,,,,,,,,,,,,
2025-11-25T14:50:32.826852+00:00,gnb:131-133-31000000,UE_3030303031,3,F1,,,,,,,,1,,0,,,,,,,
2025-11-25T14:50:32.827230+00:00,gnb:131-133-31000000,CELL_1111,2,F1,1,,61,0,400,0,,,,,,,,,,,
2025-11-25T14:50:32.827364+00:00,gnb:131-133-31000000,UE_3030303031,3,F1,,,,,,,,,,,18238.648334,,,61,0,400,0
2025-11-25T14:50:32.828082+00:00,gnb:131-133-31000000,unknown,2,F1,,9.24115,,,,,,,,,,,,,,,
2025-11-25T14:50:32.828292+00:00,gnb:131-133-31000000,UE_3030303031,3,F1,,,,,,,0.0,,9.24115,,,,,,,,
2025-11-25T14:50:32.828907+00:00,gnb:131-133-31000000,unknown,2,F1,,,,,,,,,,,,,,,,,
2025-11-25T14:50:32.832116+00:00,gnb:131-133-31000000,UE_3030303031,3,F1,,,,,,,,1,,0,,,,,,,
2025-11-25T14:50:32.832985+00:00,gnb:131-133-31000000,CELL_1111,2,F1,1,,61,0,400,0,,,,,,,,,,,
2025-11-25T14:50:32.833181+00:00,gnb:131-133-31000000,UE_3030303031,3,F1,,,,,,,,,,,18235.278408,,,61,0,400,0
2025-11-25T14:50:32.834724+00:00,gnb:131-133-31000000,unknown,2,F1,,9.240769,,,,,,,,,,,,,,,
2025-11-25T14:50:32.835260+00:00,gnb:131-133-31000000,UE_3030303031,3,F1,,,,,,,0.0,,9.240769,,,,,,,,
2025-11-25T14:50:32.837448+00:00,gnb:131-133-31000000,unknown,2,F1,,,,,,,,,,,,,,,,,
2025-11-25T14:50:32.837686+00:00,gnb:131-133-31000000,UE_3030303031,3,F1,,,,,,,,1,,0,,,,,,,
2025-11-25T14:50:32.838234+00:00,gnb:131-133-31000000,CELL_1111,2,F1,1,,61,0,400,0,,,,,,,,,,,
2025-11-25T14:50:32.838523+00:00,gnb:131-133-31000000,UE_3030303031,3,F1,,,,,,,,,,,18232.042176,,,61,0,400,0
2025-11-25T14:50:32.839155+00:00,gnb:131-133-31000000,unknown,2,F1,,9.237564,,,,,,,,,,,,,,,
2025-11-25T14:50:32.839541+00:00,gnb:131-133-31000000,UE_3030303031,3,F1,,,,,,,0.0,,9.237564,,,,,,,,
2025-11-25T14:50:32.840496+00:00,gnb:131-133-31000000,unknown,2,F1,,,,,,,,,,,,,,,,,
2025-11-25T14:50:32.841095+00:00,gnb:131-133-31000000,UE_3030303031,3,F1,,,,,,,,1,,0,,,,,,,
2025-11-25T14:50:32.842161+00:00,gnb:131-133-31000000,CELL_1111,2,F1,1,,61,0,400,0,,,,,,,,,,,
2025-11-25T14:50:32.842900+00:00,gnb:131-133-31000000,UE_3030303031,3,F1,,,,,,,,,,,18228.785265,,,61,0,400,0
2025-11-25T14:50:32.843760+00:00,gnb:131-133-31000000,unknown,2,F1,,9.23835,,,,,,,,,,,,,,,
2025-11-25T14:50:32.844258+00:00,gnb:131-133-31000000,UE_3030303031,3,F1,,,,,,,0.0,,9.23835,,,,,,,,
2025-11-25T14:50:32.845113+00:00,gnb:131-133-31000000,unknown,2,F1,,,,,,,,,,,,,,,,,
2025-11-25T14:50:32.845412+00:00,gnb:131-133-31000000,UE_3030303031,3,F1,,,,,,,,1,,0,,,,,,,
2025-11-25T14:50:32.845959+00:00,gnb:131-133-31000000,CELL_1111,2,F1,1,,61,0,400,0,,,,,,,,,,,
2025-11-25T14:50:32.846356+00:00,gnb:131-133-31000000,UE_3030303031,3,F1,,,,,,,,,,,18225.614812,,,61,0,400,0
2025-11-25T14:50:32.847758+00:00,gnb:131-133-31000000,unknown,2,F1,,9.239848,,,,,,,,,,,,,,,
2025-11-25T14:50:32.847995+00:00,gnb:131-133-31000000,UE_3030303031,3,F1,,,,,,,0.0,,9.239848,,,,,,,,
2025-11-25T14:50:32.848356+00:00,gnb:131-133-31000000,unknown,2,F1,,,,,,,,,,,,,,,,,
2025-11-25T14:50:32.848488+00:00,gnb:131-133-31000000,UE_3030303031,3,F1,,,,,,,,1,,0,,,,,,,
2025-11-25T14:50:32.849059+00:00,gnb:131-133-31000000,CELL_1111,2,F1,1,,61,0,400,0,,,,,,,,,,,
2025-11-25T14:50:32.849202+00:00,gnb:131-133-31000000,UE_3030303031,3,F1,,,,,,,,,,,18222.479316,,,61,0,400,0
2025-11-25T14:50:32.849710+00:00,gnb:131-133-31000000,unknown,2,F1,,9.236546,,,,,,,,,,,,,,,
2025-11-25T14:50:32.849847+00:00,gnb:131-133-31000000,UE_3030303031,3,F1,,,,,,,0.0,,9.236546,,,,,,,,
2025-11-25T14:50:32.850481+00:00,gnb:131-133-31000000,unknown,2,F1,,,,,,,,,,,,,,,,,
2025-11-25T14:50:32.850692+00:00,gnb:131-133-31000000,UE_3030303031,3,F1,,,,,,,,1,,0,,,,,,,
2025-11-25T14:50:32.852489+00:00,gnb:131-133-31000000,CELL_1111,2,F1,1,,61,0,400,0,,,,,,,,,,,
2025-11-25T14:50:32.852786+00:00,gnb:131-133-31000000,UE_3030303031,3,F1,,,,,,,,,,,18219.376247,,,61,0,400,0
2025-11-25T14:50:32.854102+00:00,gnb:131-133-31000000,unknown,2,F1,,9.24095,,,,,,,,,,,,,,,
2025-11-25T14:50:32.854838+00:00,gnb:131-133-31000000,UE_3030303031,3,F1,,,,,,,0.0,,9.24095,,,,,,,,
2025-11-25T14:50:32.856396+00:00,gnb:131-133-31000000,unknown,2,F1,,,,,,,,,,,,,,,,,
2025-11-25T14:50:32.857054+00:00,gnb:131-133-31000000,UE_3030303031,3,F1,,,,,,,,1,,0,,,,,,,
2025-11-25T14:50:32.858031+00:00,gnb:131-133-31000000,CELL_1111,2,F1,1,,61,0,400,0,,,,,,,,,,,
2025-11-25T14:50:32.858276+00:00,gnb:131-133-31000000,UE_3030303031,3,F1,,,,,,,,,,,18216.209215,,,61,0,400,0
2025-11-25T14:50:32.859358+00:00,gnb:131-133-31000000,unknown,2,F1,,9.240569,,,,,,,,,,,,,,,
2025-11-25T14:50:32.859528+00:00,gnb:131-133-31000000,UE_3030303031,3,F1,,,,,,,0.0,,9.240569,,,,,,,,
2025-11-25T14:50:32.860696+00:00,gnb:131-133-31000000,unknown,2,F1,,,,,,,,,,,,,,,,,
2025-11-25T14:50:32.860893+00:00,gnb:131-133-31000000,UE_3030303031,3,F1,,,,,,,,1,,0,,,,,,,
2025-11-25T14:50:32.861560+00:00,gnb:131-133-31000000,CELL_1111,2,F1,1,,61,0,400,0,,,,,,,,,,,
2025-11-25T14:50:32.861817+00:00,gnb:131-133-31000000,UE_3030303031,3,F1,,,,,,,,,,,18213.169959,,,61,0,400,0
2025-11-25T14:50:32.862290+00:00,gnb:131-133-31000000,unknown,2,F1,,9.248242,,,,,,,,,,,,,,,
2025-11-25T14:50:32.862457+00:00,gnb:131-133-31000000,UE_3030303031,3,F1,,,,,,,0.0,,9.248242,,,,,,,,
2025-11-25T14:50:32.862937+00:00,gnb:131-133-31000000,unknown,2,F1,,,,,,,,,,,,,,,,,
2025-11-25T14:50:32.863064+00:00,gnb:131-133-31000000,UE_3030303031,3,F1,,,,,,,,1,,0,,,,,,,
2025-11-25T14:50:32.863407+00:00,gnb:131-133-31000000,CELL_1111,2,F1,1,,61,0,400,0,,,,,,,,,,,
2025-11-25T14:50:32.863539+00:00,gnb:131-133-31000000,UE_3030303031,3,F1,,,,,,,,,,,18210.126998,,,61,0,400,0
2025-11-25T14:50:32.863856+00:00,gnb:131-133-31000000,unknown,2,F1,,9.23815,,,,,,,,,,,,,,,
2025-11-25T14:50:32.863990+00:00,gnb:131-133-31000000,UE_3030303031,3,F1,,,,,,,0.0,,9.23815,,,,,,,,
2025-11-25T14:50:32.864354+00:00,gnb:131-133-31000000,unknown,2,F1,,,,,,,,,,,,,,,,,
2025-11-25T14:50:32.864527+00:00,gnb:131-133-31000000,UE_3030303031,3,F1,,,,,,,,1,,0,,,,,,,
2025-11-25T14:50:32.864916+00:00,gnb:131-133-31000000,CELL_1111,2,F1,1,,61,0,400,0,,,,,,,,,,,
2025-11-25T14:50:32.865104+00:00,gnb:131-133-31000000,UE_3030303031,3,F1,,,,,,,,,,,18207.14744,,,61,0,400,0
2025-11-25T14:50:32.865794+00:00,gnb:131-133-31000000,unknown,2,F1,,9.239648,,,,,,,,,,,,,,,
2025-11-25T14:50:32.866153+00:00,gnb:131-133-31000000,UE_3030303031,3,F1,,,,,,,0.0,,9.239648,,,,,,,,
2025-11-25T14:50:32.867413+00:00,gnb:131-133-31000000,unknown,2,F1,,,,,,,,,,,,,,,,,
2025-11-25T14:50:32.867910+00:00,gnb:131-133-31000000,UE_3030303031,3,F1,,,,,,,,1,,0,,,,,,,
2025-11-25T14:50:32.868705+00:00,gnb:131-133-31000000,CELL_1111,2,F1,1,,61,0,400,0,,,,,,,,,,,
2025-11-25T14:50:32.869175+00:00,gnb:131-133-31000000,UE_3030303031,3,F1,,,,,,,,,,,18204.199857,,,61,0,400,0
2025-11-25T14:50:32.870756+00:00,gnb:131-133-31000000,unknown,2,F1,,9.236346,,,,,,,,,,,,,,,
2025-11-25T14:50:32.871045+00:00,gnb:131-133-31000000,UE_3030303031,3,F1,,,,,,,0.0,,9.236346,,,,,,,,
2025-11-25T14:50:32.871643+00:00,gnb:131-133-31000000,unknown,2,F1,,,,,,,,,,,,,,,,,
2025-11-25T14:50:32.871906+00:00,gnb:131-133-31000000,UE_3030303031,3,F1,,,,,,,,1,,0,,,,,,,
2025-11-25T14:50:32.872320+00:00,gnb:131-133-31000000,CELL_1111,2,F1,1,,61,0,400,0,,,,,,,,,,,
2025-11-25T14:50:32.872468+00:00,gnb:131-133-31000000,UE_3030303031,3,F1,,,,,,,,,,,18201.281841,,,61,0,400,0
2025-11-25T14:50:32.873281+00:00,gnb:131-133-31000000,unknown,2,F1,,9.24095,,,,,,,,,,,,,,,
2025-11-25T14:50:32.873631+00:00,gnb:131-133-31000000,UE_3030303031,3,F1,,,,,,,0.0,,9.24095,,,,,,,,
2025-11-25T14:50:32.874236+00:00,gnb:131-133-31000000,unknown,2,F1,,,,,,,,,,,,,,,,,
2025-11-25T14:50:32.874548+00:00,gnb:131-133-31000000,UE_3030303031,3,F1,,,,,,,,1,,0,,,,,,,
2025-11-25T14:50:32.875913+00:00,gnb:131-133-31000000,CELL_1111,2,F1,1,,61,0,400,0,,,,,,,,,,,
2025-11-25T14:50:32.876419+00:00,gnb:131-133-31000000,UE_3030303031,3,F1,,,,,,,,,,,18198.299691,,,61,0,400,0
2025-11-25T14:50:32.877320+00:00,gnb:131-133-31000000,unknown,2,F1,,9.240569,,,,,,,,,,,,,,,
2025-11-25T14:50:32.877514+00:00,gnb:131-133-31000000,UE_3030303031,3,F1,,,,,,,0.0,,9.240569,,,,,,,,
2025-11-25T14:50:32.878736+00:00,gnb:131-133-31000000,unknown,2,F1,,,,,,,,,,,,,,,,,
2025-11-25T14:50:32.878948+00:00,gnb:131-133-31000000,UE_3030303031,3,F1,,,,,,,,1,,0,,,,,,,
2025-11-25T14:50:32.879614+00:00,gnb:131-133-31000000,CELL_1111,2,F1,1,,61,0,400,0,,,,,,,,,,,
2025-11-25T14:50:32.879972+00:00,gnb:131-133-31000000,UE_3030303031,3,F1,,,,,,,,,,,18195.439914,,,61,0,400,0
2025-11-25T14:50:32.880781+00:00,gnb:131-133-31000000,unknown,2,F1,,9.237364,,,,,,,,,,,,,,,
2025-11-25T14:50:32.881076+00:00,gnb:131-133-31000000,UE_3030303031,3,F1,,,,,,,0.0,,9.237364,,,,,,,,
2025-11-25T14:50:32.881761+00:00,gnb:131-133-31000000,unknown,2,F1,,,,,,,,,,,,,,,,,
2025-11-25T14:50:32.882030+00:00,gnb:131-133-31000000,UE_3030303031,3,F1,,,,,,,,1,,0,,,,,,,
2025-11-25T14:50:32.882425+00:00,gnb:131-133-31000000,CELL_1111,2,F1,1,,61,0,400,0,,,,,,,,,,,
2025-11-25T14:50:32.882661+00:00,gnb:131-133-31000000,UE_3030303031,3,F1,,,,,,,,,,,18192.557399,,,61,0,400,0
2025-11-25T14:50:32.883344+00:00,gnb:131-133-31000000,unknown,2,F1,,9.23815,,,,,,,,,,,,,,,
2025-11-25T14:50:32.883549+00:00,gnb:131-133-31000000,UE_3030303031,3,F1,,,,,,,0.0,,9.23815,,,,,,,,
2025-11-25T14:50:32.884150+00:00,gnb:131-133-31000000,unknown,2,F1,,,,,,,,,,,,,,,,,
2025-11-25T14:50:32.884504+00:00,gnb:131-133-31000000,UE_3030303031,3,F1,,,,,,,,1,,0,,,,,,,
2025-11-25T14:50:32.885186+00:00,gnb:131-133-31000000,CELL_1111,2,F1,1,,61,0,400,0,,,,,,,,,,,
2025-11-25T14:50:32.885518+00:00,gnb:131-133-31000000,UE_3030303031,3,F1,,,,,,,,,,,18189.752122,,,61,0,400,0
2025-11-25T14:50:32.886134+00:00,gnb:131-133-31000000,unknown,2,F1,,9.239448,,,,,,,,,,,,,,,
2025-11-25T14:50:32.886404+00:00,gnb:131-133-31000000,UE_3030303031,3,F1,,,,,,,0.0,,9.239448,,,,,,,,
2025-11-25T14:50:32.887144+00:00,gnb:131-133-31000000,unknown,2,F1,,,,,,,,,,,,,,,,,
2025-11-25T14:50:32.888450+00:00,gnb:131-133-31000000,UE_3030303031,3,F1,,,,,,,,1,,0,,,,,,,
2025-11-25T14:50:32.888983+00:00,gnb:131-133-31000000,CELL_1111,2,F1,1,,61,0,400,0,,,,,,,,,,,
2025-11-25T14:50:32.889152+00:00,gnb:131-133-31000000,UE_3030303031,3,F1,,,,,,,,,,,18186.976176,,,61,0,400,0
2025-11-25T14:50:32.889559+00:00,gnb:131-133-31000000,unknown,2,F1,,9.236146,,,,,,,,,,,,,,,
2025-11-25T14:50:32.889724+00:00,gnb:131-133-31000000,UE_3030303031,3,F1,,,,,,,0.0,,9.236146,,,,,,,,
2025-11-25T14:50:32.890145+00:00,gnb:131-133-31000000,unknown,2,F1,,,,,,,,,,,,,,,,,
2025-11-25T14:50:32.890294+00:00,gnb:131-133-31000000,UE_3030303031,3,F1,,,,,,,,1,,0,,,,,,,
2025-11-25T14:50:32.890655+00:00,gnb:131-133-31000000,CELL_1111,2,F1,1,,61,0,400,0,,,,,,,,,,,
2025-11-25T14:50:32.890895+00:00,gnb:131-133-31000000,UE_3030303031,3,F1,,,,,,,,,,,18184.227261,,,61,0,400,0
2025-11-25T14:50:32.891437+00:00,gnb:131-133-31000000,unknown,2,F1,,9.24619,,,,,,,,,,,,,,,
2025-11-25T14:50:32.891708+00:00,gnb:131-133-31000000,UE_3030303031,3,F1,,,,,,,0.0,,9.24619,,,,,,,,
2025-11-25T14:50:32.892172+00:00,gnb:131-133-31000000,unknown,2,F1,,,,,,,,,,,,,,,,,
2025-11-25T14:50:32.892372+00:00,gnb:131-133-31000000,UE_3030303031,3,F1,,,,,,,,1,,0,,,,,,,
2025-11-25T14:50:32.892833+00:00,gnb:131-133-31000000,CELL_1111,2,F1,1,,61,0,400,0,,,,,,,,,,,
2025-11-25T14:50:32.893095+00:00,gnb:131-133-31000000,UE_3030303031,3,F1,,,,,,,,,,,18181.426056,,,61,0,400,0
2025-11-25T14:50:32.893533+00:00,gnb:131-133-31000000,unknown,2,F1,,9.240369,,,,,,,,,,,,,,,
2025-11-25T14:50:32.893727+00:00,gnb:131-133-31000000,UE_3030303031,3,F1,,,,,,,0.0,,9.240369,,,,,,,,
2025-11-25T14:50:32.894141+00:00,gnb:131-133-31000000,unknown,2,F1,,,,,,,,,,,,,,,,,
2025-11-25T14:50:32.894305+00:00,gnb:131-133-31000000,UE_3030303031,3,F1,,,,,,,,1,,0,,,,,,,
2025-11-25T14:50:32.894727+00:00,gnb:131-133-31000000,CELL_1111,2,F1,1,,61,0,400,0,,,,,,,,,,,
2025-11-25T14:50:32.894928+00:00,gnb:131-133-31000000,UE_3030303031,3,F1,,,,,,,,,,,18178.730379,,,61,0,400,0
2025-11-25T14:50:32.895365+00:00,gnb:131-133-31000000,unknown,2,F1,,9.237164,,,,,,,,,,,,,,,
2025-11-25T14:50:32.895522+00:00,gnb:131-133-31000000,UE_3030303031,3,F1,,,,,,,0.0,,9.237164,,,,,,,,
2025-11-25T14:50:32.895902+00:00,gnb:131-133-31000000,unknown,2,F1,,,,,,,,,,,,,,,,,
2025-11-25T14:50:32.896088+00:00,gnb:131-133-31000000,UE_3030303031,3,F1,,,,,,,,1,,0,,,,,,,
2025-11-25T14:50:32.896494+00:00,gnb:131-133-31000000,CELL_1111,2,F1,1,,61,0,400,0,,,,,,,,,,,
2025-11-25T14:50:32.896684+00:00,gnb:131-133-31000000,UE_3030303031,3,F1,,,,,,,,,,,18176.011236,,,61,0,400,0
2025-11-25T14:50:32.897229+00:00,gnb:131-133-31000000,unknown,2,F1,,9.23795,,,,,,,,,,,,,,,
2025-11-25T14:50:32.897555+00:00,gnb:131-133-31000000,UE_3030303031,3,F1,,,,,,,0.0,,9.23795,,,,,,,,
2025-11-25T14:50:32.898260+00:00,gnb:131-133-31000000,unknown,2,F1,,,,,,,,,,,,,,,,,
2025-11-25T14:50:32.898502+00:00,gnb:131-133-31000000,UE_3030303031,3,F1,,,,,,,,1,,0,,,,,,,
2025-11-25T14:50:32.898965+00:00,gnb:131-133-31000000,CELL_1111,2,F1,1,,61,0,400,0,,,,,,,,,,,
2025-11-25T14:50:32.899136+00:00,gnb:131-133-31000000,UE_3030303031,3,F1,,,,,,,,,,,18173.365364,,,61,0,400,0
2025-11-25T14:50:32.899497+00:00,gnb:131-133-31000000,unknown,2,F1,,9.239448,,,,,,,,,,,,,,,
2025-11-25T14:50:32.899768+00:00,gnb:131-133-31000000,UE_3030303031,3,F1,,,,,,,0.0,,9.239448,,,,,,,,
2025-11-25T14:50:32.900177+00:00,gnb:131-133-31000000,unknown,2,F1,,,,,,,,,,,,,,,,,
2025-11-25T14:50:32.900384+00:00,gnb:131-133-31000000,UE_3030303031,3,F1,,,,,,,,1,,0,,,,,,,
2025-11-25T14:50:32.900987+00:00,gnb:131-133-31000000,CELL_1111,2,F1,1,,61,0,400,0,,,,,,,,,,,
2025-11-25T14:50:32.901218+00:00,gnb:131-133-31000000,UE_3030303031,3,F1,,,,,,,,,,,18170.746472,,,61,0,400,0
2025-11-25T14:50:32.902004+00:00,gnb:131-133-31000000,unknown,2,F1,,9.236146,,,,,,,,,,,,,,,
2025-11-25T14:50:32.902173+00:00,gnb:131-133-31000000,UE_3030303031,3,F1,,,,,,,0.0,,9.236146,,,,,,,,
2025-11-25T14:50:32.902791+00:00,gnb:131-133-31000000,unknown,2,F1,,,,,,,,,,,,,,,,,
2025-11-25T14:50:32.902948+00:00,gnb:131-133-31000000,UE_3030303031,3,F1,,,,,,,,1,,0,,,,,,,
2025-11-25T14:50:32.903559+00:00,gnb:131-133-31000000,CELL_1111,2,F1,1,,61,0,400,0,,,,,,,,,,,
2025-11-25T14:50:32.903802+00:00,gnb:131-133-31000000,UE_3030303031,3,F1,,,,,,,,,,,18168.152357,,,61,0,400,0
2025-11-25T14:50:32.904451+00:00,gnb:131-133-31000000,unknown,2,F1,,9.24075,,,,,,,,,,,,,,,
2025-11-25T14:50:32.904660+00:00,gnb:131-133-31000000,UE_3030303031,3,F1,,,,,,,0.0,,9.24075,,,,,,,,
2025-11-25T14:50:32.905341+00:00,gnb:131-133-31000000,unknown,2,F1,,,,,,,,,,,,,,,,,
2025-11-25T14:50:32.905590+00:00,gnb:131-133-31000000,UE_3030303031,3,F1,,,,,,,,1,,0,,,,,,,
2025-11-25T14:50:32.906641+00:00,gnb:131-133-31000000,CELL_1111,2,F1,1,,61,0,400,0,,,,,,,,,,,
2025-11-25T14:50:32.906917+00:00,gnb:131-133-31000000,UE_3030303031,3,F1,,,,,,,,,,,18165.494271,,,61,0,400,0
2025-11-25T14:50:32.907424+00:00,gnb:131-133-31000000,unknown,2,F1,,9.240369,,,,,,,,,,,,,,,
2025-11-25T14:50:32.907669+00:00,gnb:131-133-31000000,UE_3030303031,3,F1,,,,,,,0.0,,9.240369,,,,,,,,
2025-11-25T14:50:32.908158+00:00,gnb:131-133-31000000,unknown,2,F1,,,,,,,,,,,,,,,,,
2025-11-25T14:50:32.908400+00:00,gnb:131-133-31000000,UE_3030303031,3,F1,,,,,,,,1,,0,,,,,,,
2025-11-25T14:50:32.909012+00:00,gnb:131-133-31000000,CELL_1111,2,F1,1,,61,0,400,0,,,,,,,,,,,
2025-11-25T14:50:32.909213+00:00,gnb:131-133-31000000,UE_3030303031,3,F1,,,,,,,,,,,18162.949052,,,61,0,400,0
2025-11-25T14:50:32.909799+00:00,gnb:131-133-31000000,unknown,2,F1,,9.236964,,,,,,,,,,,,,,,
2025-11-25T14:50:32.909974+00:00,gnb:131-133-31000000,UE_3030303031,3,F1,,,,,,,0.0,,9.236964,,,,,,,,
2025-11-25T14:50:32.910541+00:00,gnb:131-133-31000000,unknown,2,F1,,,,,,,,,,,,,,,,,
2025-11-25T14:50:32.910720+00:00,gnb:131-133-31000000,UE_3030303031,3,F1,,,,,,,,1,,0,,,,,,,
2025-11-25T14:50:32.911294+00:00,gnb:131-133-31000000,CELL_1111,2,F1,1,,61,0,400,0,,,,,,,,,,,
2025-11-25T14:50:32.911424+00:00,gnb:131-133-31000000,UE_3030303031,3,F1,,,,,,,,,,,18160.379797,,,61,0,400,0
2025-11-25T14:50:32.911888+00:00,gnb:131-133-31000000,unknown,2,F1,,9.23775,,,,,,,,,,,,,,,
2025-11-25T14:50:32.912002+00:00,gnb:131-133-31000000,UE_3030303031,3,F1,,,,,,,0.0,,9.23775,,,,,,,,
2025-11-25T14:50:32.912427+00:00,gnb:131-133-31000000,unknown,2,F1,,,,,,,,,,,,,,,,,
2025-11-25T14:50:32.912542+00:00,gnb:131-133-31000000,UE_3030303031,3,F1,,,,,,,,1,,0,,,,,,,
2025-11-25T14:50:32.913146+00:00,gnb:131-133-31000000,CELL_1111,2,F1,1,,61,0,400,0,,,,,,,,,,,
2025-11-25T14:50:32.913262+00:00,gnb:131-133-31000000,UE_3030303031,3,F1,,,,,,,,,,,18157.880204,,,61,0,400,0
2025-11-25T14:50:32.913848+00:00,gnb:131-133-31000000,unknown,2,F1,,9.246038,,,,,,,,,,,,,,,
2025-11-25T14:50:32.913990+00:00,gnb:131-133-31000000,UE_3030303031,3,F1,,,,,,,0.0,,9.246038,,,,,,,,
2025-11-25T14:50:32.914559+00:00,gnb:131-133-31000000,unknown,2,F1,,,,,,,,,,,,,,,,,
2025-11-25T14:50:32.914752+00:00,gnb:131-133-31000000,UE_3030303031,3,F1,,,,,,,,1,,0,,,,,,,
2025-11-25T14:50:32.915325+00:00,gnb:131-133-31000000,CELL_1111,2,F1,1,,61,0,400,0,,,,,,,,,,,
2025-11-25T14:50:32.915463+00:00,gnb:131-133-31000000,UE_3030303031,3,F1,,,,,,,,,,,18155.416776,,,61,0,400,0
2025-11-25T14:50:32.916023+00:00,gnb:131-133-31000000,unknown,2,F1,,9.235946,,,,,,,,,,,,,,,
2025-11-25T14:50:32.916150+00:00,gnb:131-133-31000000,UE_3030303031,3,F1,,,,,,,0.0,,9.235946,,,,,,,,
2025-11-25T14:50:32.916709+00:00,gnb:131-133-31000000,unknown,2,F1,,,,,,,,,,,,,,,,,
2025-11-25T14:50:32.916819+00:00,gnb:131-133-31000000,UE_3030303031,3,F1,,,,,,,,1,,0,,,,,,,
2025-11-25T14:50:32.917401+00:00,gnb:131-133-31000000,CELL_1111,2,F1,1,,61,0,400,0,,,,,,,,,,,
2025-11-25T14:50:32.917557+00:00,gnb:131-133-31000000,UE_3030303031,3,F1,,,,,,,,,,,18152.964777,,,61,0,400,0
2025-11-25T14:50:32.918158+00:00,gnb:131-133-31000000,unknown,2,F1,,9.24055,,,,,,,,,,,,,,,
2025-11-25T14:50:32.918297+00:00,gnb:131-133-31000000,UE_3030303031,3,F1,,,,,,,0.0,,9.24055,,,,,,,,
2025-11-25T14:50:32.918812+00:00,gnb:131-133-31000000,unknown,2,F1,,,,,,,,,,,,,,,,,
2025-11-25T14:50:32.918937+00:00,gnb:131-133-31000000,UE_3030303031,3,F1,,,,,,,,1,,0,,,,,,,
2025-11-25T14:50:32.919429+00:00,gnb:131-133-31000000,CELL_1111,2,F1,1,,61,0,400,0,,,,,,,,,,,
2025-11-25T14:50:32.919562+00:00,gnb:131-133-31000000,UE_3030303031,3,F1,,,,,,,,,,,18150.449078,,,61,0,400,0
2025-11-25T14:50:32.920465+00:00,gnb:131-133-31000000,unknown,2,F1,,9.240169,,,,,,,,,,,,,,,
2025-11-25T14:50:32.920649+00:00,gnb:131-133-31000000,UE_3030303031,3,F1,,,,,,,0.0,,9.240169,,,,,,,,
2025-11-25T14:50:32.921277+00:00,gnb:131-133-31000000,unknown,2,F1,,,,,,,,,,,,,,,,,
2025-11-25T14:50:32.921424+00:00,gnb:131-133-31000000,UE_3030303031,3,F1,,,,,,,,1,,0,,,,,,,
2025-11-25T14:50:32.921923+00:00,gnb:131-133-31000000,CELL_1111,2,F1,1,,61,0,400,0,,,,,,,,,,,
2025-11-25T14:50:32.922098+00:00,gnb:131-133-31000000,UE_3030303031,3,F1,,,,,,,,,,,18148.042047,,,61,0,400,0
2025-11-25T14:50:32.922544+00:00,gnb:131-133-31000000,unknown,2,F1,,9.236964,,,,,,,,,,,,,,,
2025-11-25T14:50:32.922730+00:00,gnb:131-133-31000000,UE_3030303031,3,F1,,,,,,,0.0,,9.236964,,,,,,,,
2025-11-25T14:50:32.923282+00:00,gnb:131-133-31000000,unknown,2,F1,,,,,,,,,,,,,,,,,
2025-11-25T14:50:32.923433+00:00,gnb:131-133-31000000,UE_3030303031,3,F1,,,,,,,,1,,0,,,,,,,
2025-11-25T14:50:32.924004+00:00,gnb:131-133-31000000,CELL_1111,2,F1,1,,61,0,400,0,,,,,,,,,,,
2025-11-25T14:50:32.924191+00:00,gnb:131-133-31000000,UE_3030303031,3,F1,,,,,,,,,,,18145.610542,,,61,0,400,0
2025-11-25T14:50:32.924836+00:00,gnb:131-133-31000000,unknown,2,F1,,9.23775,,,,,,,,,,,,,,,
2025-11-25T14:50:32.925047+00:00,gnb:131-133-31000000,UE_3030303031,3,F1,,,,,,,0.0,,9.23775,,,,,,,,
2025-11-25T14:50:32.925641+00:00,gnb:131-133-31000000,unknown,2,F1,,,,,,,,,,,,,,,,,
2025-11-25T14:50:32.925925+00:00,gnb:131-133-31000000,UE_3030303031,3,F1,,,,,,,,1,,0,,,,,,,
2025-11-25T14:50:32.926687+00:00,gnb:131-133-31000000,CELL_1111,2,F1,1,,61,0,400,0,,,,,,,,,,,
2025-11-25T14:50:32.927016+00:00,gnb:131-133-31000000,UE_3030303031,3,F1,,,,,,,,,,,18143.245403,,,61,0,400,0
2025-11-25T14:50:32.927803+00:00,gnb:131-133-31000000,unknown,2,F1,,9.239248,,,,,,,,,,,,,,,
2025-11-25T14:50:32.928014+00:00,gnb:131-133-31000000,UE_3030303031,3,F1,,,,,,,0.0,,9.239248,,,,,,,,
2025-11-25T14:50:32.928600+00:00,gnb:131-133-31000000,unknown,2,F1,,,,,,,,,,,,,,,,,
2025-11-25T14:50:32.928747+00:00,gnb:131-133-31000000,UE_3030303031,3,F1,,,,,,,,1,,0,,,,,,,
2025-11-25T14:50:32.929398+00:00,gnb:131-133-31000000,CELL_1111,2,F1,1,,61,0,400,0,,,,,,,,,,,
2025-11-25T14:50:32.929561+00:00,gnb:131-133-31000000,UE_3030303031,3,F1,,,,,,,,,,,18140.903262,,,61,0,400,0
2025-11-25T14:50:32.930246+00:00,gnb:131-133-31000000,unknown,2,F1,,9.235946,,,,,,,,,,,,,,,
2025-11-25T14:50:32.930474+00:00,gnb:131-133-31000000,UE_3030303031,3,F1,,,,,,,0.0,,9.235946,,,,,,,,
2025-11-25T14:50:32.931130+00:00,gnb:131-133-31000000,unknown,2,F1,,,,,,,,,,,,,,,,,
2025-11-25T14:50:32.931267+00:00,gnb:131-133-31000000,UE_3030303031,3,F1,,,,,,,,1,,0,,,,,,,
2025-11-25T14:50:32.931875+00:00,gnb:131-133-31000000,CELL_1111,2,F1,1,,61,0,400,0,,,,,,,,,,,
2025-11-25T14:50:32.932001+00:00,gnb:131-133-31000000,UE_3030303031,3,F1,,,,,,,,,,,18138.582091,,,61,0,400,0
2025-11-25T14:50:32.932436+00:00,gnb:131-133-31000000,unknown,2,F1,,9.24035,,,,,,,,,,,,,,,
2025-11-25T14:50:32.932554+00:00,gnb:131-133-31000000,UE_3030303031,3,F1,,,,,,,0.0,,9.24035,,,,,,,,
2025-11-25T14:50:32.933046+00:00,gnb:131-133-31000000,unknown,2,F1,,,,,,,,,,,,,,,,,
2025-11-25T14:50:32.933190+00:00,gnb:131-133-31000000,UE_3030303031,3,F1,,,,,,,,1,,0,,,,,,,
2025-11-25T14:50:32.933697+00:00,gnb:131-133-31000000,CELL_1111,2,F1,1,,61,0,400,0,,,,,,,,,,,
2025-11-25T14:50:32.933949+00:00,gnb:131-133-31000000,UE_3030303031,3,F1,,,,,,,,,,,18136.197587,,,61,0,400,0
2025-11-25T14:50:32.934452+00:00,gnb:131-133-31000000,unknown,2,F1,,9.239969,,,,,,,,,,,,,,,
2025-11-25T14:50:32.934598+00:00,gnb:131-133-31000000,UE_3030303031,3,F1,,,,,,,0.0,,9.239969,,,,,,,,
2025-11-25T14:50:32.935139+00:00,gnb:131-133-31000000,unknown,2,F1,,,,,,,,,,,,,,,,,
2025-11-25T14:50:32.935289+00:00,gnb:131-133-31000000,UE_3030303031,3,F1,,,,,,,,1,,0,,,,,,,
2025-11-25T14:50:32.935849+00:00,gnb:131-133-31000000,CELL_1111,2,F1,1,,61,0,400,0,,,,,,,,,,,
2025-11-25T14:50:32.935985+00:00,gnb:131-133-31000000,UE_3030303031,3,F1,,,,,,,,,,,18133.917864,,,61,0,400,0
2025-11-25T14:50:32.936520+00:00,gnb:131-133-31000000,unknown,2,F1,,9.247643,,,,,,,,,,,,,,,
2025-11-25T14:50:32.936713+00:00,gnb:131-133-31000000,UE_3030303031,3,F1,,,,,,,0.0,,9.247643,,,,,,,,
2025-11-25T14:50:32.937246+00:00,gnb:131-133-31000000,unknown,2,F1,,,,,,,,,,,,,,,,,
2025-11-25T14:50:32.937421+00:00,gnb:131-133-31000000,UE_3030303031,3,F1,,,,,,,,1,,0,,,,,,,
2025-11-25T14:50:32.938049+00:00,gnb:131-133-31000000,CELL_1111,2,F1,1,,61,0,400,0,,,,,,,,,,,
2025-11-25T14:50:32.938210+00:00,gnb:131-133-31000000,UE_3030303031,3,F1,,,,,,,,,,,18131.629038,,,61,0,400,0
2025-11-25T14:50:32.938901+00:00,gnb:131-133-31000000,unknown,2,F1,,9.23755,,,,,,,,,,,,,,,
2025-11-25T14:50:32.939080+00:00,gnb:131-133-31000000,UE_3030303031,3,F1,,,,,,,0.0,,9.23755,,,,,,,,
2025-11-25T14:50:32.939736+00:00,gnb:131-133-31000000,unknown,2,F1,,,,,,,,,,,,,,,,,
2025-11-25T14:50:32.939899+00:00,gnb:131-133-31000000,UE_3030303031,3,F1,,,,,,,,1,,0,,,,,,,
2025-11-25T14:50:32.940476+00:00,gnb:131-133-31000000,CELL_1111,2,F1,1,,61,0,400,0,,,,,,,,,,,
2025-11-25T14:50:32.940726+00:00,gnb:131-133-31000000,UE_3030303031,3,F1,,,,,,,,,,,18129.387792,,,61,0,400,0
2025-11-25T14:50:32.941386+00:00,gnb:131-133-31000000,unknown,2,F1,,9.239048,,,,,,,,,,,,,,,
2025-11-25T14:50:32.941562+00:00,gnb:131-133-31000000,UE_3030303031,3,F1,,,,,,,0.0,,9.239048,,,,,,,,
2025-11-25T14:50:32.942179+00:00,gnb:131-133-31000000,unknown,2,F1,,,,,,,,,,,,,,,,,
2025-11-25T14:50:32.942365+00:00,gnb:131-133-31000000,UE_3030303031,3,F1,,,,,,,,1,,0,,,,,,,
2025-11-25T14:50:32.943044+00:00,gnb:131-133-31000000,CELL_1111,2,F1,1,,61,0,400,0,,,,,,,,,,,
2025-11-25T14:50:32.943220+00:00,gnb:131-133-31000000,UE_3030303031,3,F1,,,,,,,,,,,18127.167856,,,61,0,400,0
2025-11-25T14:50:32.943823+00:00,gnb:131-133-31000000,unknown,2,F1,,9.235746,,,,,,,,,,,,,,,
2025-11-25T14:50:32.944028+00:00,gnb:131-133-31000000,UE_3030303031,3,F1,,,,,,,0.0,,9.235746,,,,,,,,
2025-11-25T14:50:32.944565+00:00,gnb:131-133-31000000,unknown,2,F1,,,,,,,,,,,,,,,,,
2025-11-25T14:50:32.944721+00:00,gnb:131-133-31000000,UE_3030303031,3,F1,,,,,,,,1,,0,,,,,,,
2025-11-25T14:50:32.945172+00:00,gnb:131-133-31000000,CELL_1111,2,F1,1,,61,0,400,0,,,,,,,,,,,
2025-11-25T14:50:32.945291+00:00,gnb:131-133-31000000,UE_3030303031,3,F1,,,,,,,,,,,18124.967276,,,61,0,400,0
2025-11-25T14:50:32.945735+00:00,gnb:131-133-31000000,unknown,2,F1,,9.24035,,,,,,,,,,,,,,,
2025-11-25T14:50:32.945847+00:00,gnb:131-133-31000000,UE_3030303031,3,F1,,,,,,,0.0,,9.24035,,,,,,,,
2025-11-25T14:50:32.946272+00:00,gnb:131-133-31000000,unknown,2,F1,,,,,,,,,,,,,,,,,
2025-11-25T14:50:32.946379+00:00,gnb:131-133-31000000,UE_3030303031,3,F1,,,,,,,,1,,0,,,,,,,
2025-11-25T14:50:32.946862+00:00,gnb:131-133-31000000,CELL_1111,2,F1,1,,61,0,400,0,,,,,,,,,,,
2025-11-25T14:50:32.947016+00:00,gnb:131-133-31000000,UE_3030303031,3,F1,,,,,,,,,,,18122.703809,,,61,0,400,0
2025-11-25T14:50:32.947590+00:00,gnb:131-133-31000000,unknown,2,F1,,9.239969,,,,,,,,,,,,,,,
2025-11-25T14:50:32.947736+00:00,gnb:131-133-31000000,UE_3030303031,3,F1,,,,,,,0.0,,9.239969,,,,,,,,
2025-11-25T14:50:32.948196+00:00,gnb:131-133-31000000,unknown,2,F1,,,,,,,,,,,,,,,,,
2025-11-25T14:50:32.948309+00:00,gnb:131-133-31000000,UE_3030303031,3,F1,,,,,,,,1,,0,,,,,,,
2025-11-25T14:50:32.948853+00:00,gnb:131-133-31000000,CELL_1111,2,F1,1,,61,0,400,0,,,,,,,,,,,
2025-11-25T14:50:32.948965+00:00,gnb:131-133-31000000,UE_3030303031,3,F1,,,,,,,,,,,18120.541517,,,61,0,400,0
2025-11-25T14:50:32.949387+00:00,gnb:131-133-31000000,unknown,2,F1,,9.236764,,,,,,,,,,,,,,,
2025-11-25T14:50:32.949498+00:00,gnb:131-133-31000000,UE_3030303031,3,F1,,,,,,,0.0,,9.236764,,,,,,,,
2025-11-25T14:50:32.949902+00:00,gnb:131-133-31000000,unknown,2,F1,,,,,,,,,,,,,,,,,
2025-11-25T14:50:32.950015+00:00,gnb:131-133-31000000,UE_3030303031,3,F1,,,,,,,,1,,0,,,,,,,
2025-11-25T14:50:32.950446+00:00,gnb:131-133-31000000,CELL_1111,2,F1,1,,61,0,400,0,,,,,,,,,,,
2025-11-25T14:50:32.950639+00:00,gnb:131-133-31000000,UE_3030303031,3,F1,,,,,,,,,,,18118.354194,,,61,0,400,0
2025-11-25T14:50:32.951144+00:00,gnb:131-133-31000000,unknown,2,F1,,9.23755,,,,,,,,,,,,,,,
2025-11-25T14:50:32.951375+00:00,gnb:131-133-31000000,UE_3030303031,3,F1,,,,,,,0.0,,9.23755,,,,,,,,
2025-11-25T14:50:32.951877+00:00,gnb:131-133-31000000,unknown,2,F1,,,,,,,,,,,,,,,,,
2025-11-25T14:50:32.952079+00:00,gnb:131-133-31000000,UE_3030303031,3,F1,,,,,,,,1,,0,,,,,,,
2025-11-25T14:50:32.952596+00:00,gnb:131-133-31000000,CELL_1111,2,F1,1,,61,0,400,0,,,,,,,,,,,
2025-11-25T14:50:32.952798+00:00,gnb:131-133-31000000,UE_3030303031,3,F1,,,,,,,,,,,18116.227446,,,61,0,400,0
2025-11-25T14:50:32.953295+00:00,gnb:131-133-31000000,unknown,2,F1,,9.238848,,,,,,,,,,,,,,,
2025-11-25T14:50:32.953458+00:00,gnb:131-133-31000000,UE_3030303031,3,F1,,,,,,,0.0,,9.238848,,,,,,,,
2025-11-25T14:50:32.953832+00:00,gnb:131-133-31000000,unknown,2,F1,,,,,,,,,,,,,,,,,
2025-11-25T14:50:32.953940+00:00,gnb:131-133-31000000,UE_3030303031,3,F1,,,,,,,,1,,0,,,,,,,
2025-11-25T14:50:32.954280+00:00,gnb:131-133-31000000,CELL_1111,2,F1,1,,61,0,400,0,,,,,,,,,,,
2025-11-25T14:50:32.954404+00:00,gnb:131-133-31000000,UE_3030303031,3,F1,,,,,,,,,,,18114.120484,,,61,0,400,0
2025-11-25T14:50:32.954771+00:00,gnb:131-133-31000000,unknown,2,F1,,9.235546,,,,,,,,,,,,,,,
2025-11-25T14:50:32.954923+00:00,gnb:131-133-31000000,UE_3030303031,3,F1,,,,,,,0.0,,9.235546,,,,,,,,
2025-11-25T14:50:32.955377+00:00,gnb:131-133-31000000,unknown,2,F1,,,,,,,,,,,,,,,,,
2025-11-25T14:50:32.955559+00:00,gnb:131-133-31000000,UE_3030303031,3,F1,,,,,,,,1,,0,,,,,,,
2025-11-25T14:50:32.956026+00:00,gnb:131-133-31000000,CELL_1111,2,F1,1,,61,0,400,0,,,,,,,,,,,
2025-11-25T14:50:32.956173+00:00,gnb:131-133-31000000,UE_3030303031,3,F1,,,,,,,,,,,18112.031425,,,61,0,400,0
2025-11-25T14:50:32.956726+00:00,gnb:131-133-31000000,unknown,2,F1,,9.245591,,,,,,,,,,,,,,,
2025-11-25T14:50:32.956893+00:00,gnb:131-133-31000000,UE_3030303031,3,F1,,,,,,,0.0,,9.245591,,,,,,,,
2025-11-25T14:50:32.957291+00:00,gnb:131-133-31000000,unknown,2,F1,,,,,,,,,,,,,,,,,
2025-11-25T14:50:32.957455+00:00,gnb:131-133-31000000,UE_3030303031,3,F1,,,,,,,,1,,0,,,,,,,
2025-11-25T14:50:32.957897+00:00,gnb:131-133-31000000,CELL_1111,2,F1,1,,61,0,400,0,,,,,,,,,,,
2025-11-25T14:50:32.958150+00:00,gnb:131-133-31000000,UE_3030303031,3,F1,,,,,,,,,,,18109.89032,,,61,0,400,0
2025-11-25T14:50:32.958760+00:00,gnb:131-133-31000000,unknown,2,F1,,9.239769,,,,,,,,,,,,,,,
2025-11-25T14:50:32.959076+00:00,gnb:131-133-31000000,UE_3030303031,3,F1,,,,,,,0.0,,9.239769,,,,,,,,
2025-11-25T14:50:32.959600+00:00,gnb:131-133-31000000,unknown,2,F1,,,,,,,,,,,,,,,,,
2025-11-25T14:50:32.959773+00:00,gnb:131-133-31000000,UE_3030303031,3,F1,,,,,,,,1,,0,,,,,,,
2025-11-25T14:50:32.960341+00:00,gnb:131-133-31000000,CELL_1111,2,F1,1,,61,0,400,0,,,,,,,,,,,
2025-11-25T14:50:32.960520+00:00,gnb:131-133-31000000,UE_3030303031,3,F1,,,,,,,,,,,18107.836658,,,61,0,400,0
2025-11-25T14:50:32.960890+00:00,gnb:131-133-31000000,unknown,2,F1,,9.236564,,,,,,,,,,,,,,,
2025-11-25T14:50:32.961067+00:00,gnb:131-133-31000000,UE_3030303031,3,F1,,,,,,,0.0,,9.236564,,,,,,,,
2025-11-25T14:50:32.961440+00:00,gnb:131-133-31000000,unknown,2,F1,,,,,,,,,,,,,,,,,
2025-11-25T14:50:32.961590+00:00,gnb:131-133-31000000,UE_3030303031,3,F1,,,,,,,,1,,0,,,,,,,
2025-11-25T14:50:32.961961+00:00,gnb:131-133-31000000,CELL_1111,2,F1,1,,61,0,400,0,,,,,,,,,,,
2025-11-25T14:50:32.962129+00:00,gnb:131-133-31000000,UE_3030303031,3,F1,,,,,,,,,,,18105.757812,,,61,0,400,0
2025-11-25T14:50:32.962511+00:00,gnb:131-133-31000000,unknown,2,F1,,9.23735,,,,,,,,,,,,,,,
2025-11-25T14:50:32.962717+00:00,gnb:131-133-31000000,UE_3030303031,3,F1,,,,,,,0.0,,9.23735,,,,,,,,
2025-11-25T14:50:32.963024+00:00,gnb:131-133-31000000,unknown,2,F1,,,,,,,,,,,,,,,,,
2025-11-25T14:50:32.963143+00:00,gnb:131-133-31000000,UE_3030303031,3,F1,,,,,,,,1,,0,,,,,,,
2025-11-25T14:50:32.963468+00:00,gnb:131-133-31000000,CELL_1111,2,F1,1,,61,0,400,0,,,,,,,,,,,
2025-11-25T14:50:32.963626+00:00,gnb:131-133-31000000,UE_3030303031,3,F1,,,,,,,,,,,18103.736987,,,61,0,400,0
2025-11-25T14:50:32.963907+00:00,gnb:131-133-31000000,unknown,2,F1,,9.238848,,,,,,,,,,,,,,,
2025-11-25T14:50:32.964019+00:00,gnb:131-133-31000000,UE_3030303031,3,F1,,,,,,,0.0,,9.238848,,,,,,,,
2025-11-25T14:50:32.964287+00:00,gnb:131-133-31000000,unknown,2,F1,,,,,,,,,,,,,,,,,
2025-11-25T14:50:32.964398+00:00,gnb:131-133-31000000,UE_3030303031,3,F1,,,,,,,,1,,0,,,,,,,
2025-11-25T14:50:32.964735+00:00,gnb:131-133-31000000,CELL_1111,2,F1,1,,61,0,400,0,,,,,,,,,,,
2025-11-25T14:50:32.964884+00:00,gnb:131-133-31000000,UE_3030303031,3,F1,,,,,,,,,,,18101.734573,,,61,0,400,0
2025-11-25T14:50:32.965197+00:00,gnb:131-133-31000000,unknown,2,F1,,9.235546,,,,,,,,,,,,,,,
2025-11-25T14:50:32.965321+00:00,gnb:131-133-31000000,UE_3030303031,3,F1,,,,,,,0.0,,9.235546,,,,,,,,
2025-11-25T14:50:32.965596+00:00,gnb:131-133-31000000,unknown,2,F1,,,,,,,,,,,,,,,,,
2025-11-25T14:50:32.965727+00:00,gnb:131-133-31000000,UE_3030303031,3,F1,,,,,,,,1,,0,,,,,,,
2025-11-25T14:50:32.966083+00:00,gnb:131-133-31000000,CELL_1111,2,F1,1,,61,0,400,0,,,,,,,,,,,
2025-11-25T14:50:32.966207+00:00,gnb:131-133-31000000,UE_3030303031,3,F1,,,,,,,,,,,18099.748751,,,61,0,400,0
2025-11-25T14:50:32.966526+00:00,gnb:131-133-31000000,unknown,2,F1,,9.24015,,,,,,,,,,,,,,,
2025-11-25T14:50:32.966671+00:00,gnb:131-133-31000000,UE_3030303031,3,F1,,,,,,,0.0,,9.24015,,,,,,,,
2025-11-25T14:50:32.967015+00:00,gnb:131-133-31000000,unknown,2,F1,,,,,,,,,,,,,,,,,
2025-11-25T14:50:32.967165+00:00,gnb:131-133-31000000,UE_3030303031,3,F1,,,,,,,,1,,0,,,,,,,
2025-11-25T14:50:32.967590+00:00,gnb:131-133-31000000,CELL_1111,2,F1,1,,61,0,400,0,,,,,,,,,,,
2025-11-25T14:50:32.967760+00:00,gnb:131-133-31000000,UE_3030303031,3,F1,,,,,,,,,,,18097.701107,,,61,0,400,0
2025-11-25T14:50:32.968238+00:00,gnb:131-133-31000000,unknown,2,F1,,9.239769,,,,,,,,,,,,,,,
2025-11-25T14:50:32.968449+00:00,gnb:131-133-31000000,UE_3030303031,3,F1,,,,,,,0.0,,9.239769,,,,,,,,
2025-11-25T14:50:32.968979+00:00,gnb:131-133-31000000,unknown,2,F1,,,,,,,,,,,,,,,,,
2025-11-25T14:50:32.969232+00:00,gnb:131-133-31000000,UE_3030303031,3,F1,,,,,,,,1,,0,,,,,,,
2025-11-25T14:50:32.969710+00:00,gnb:131-133-31000000,CELL_1111,2,F1,1,,61,0,400,0,,,,,,,,,,,
2025-11-25T14:50:32.969892+00:00,gnb:131-133-31000000,UE_3030303031,3,F1,,,,,,,,,,,18095.748155,,,61,0,400,0
2025-11-25T14:50:32.970414+00:00,gnb:131-133-31000000,unknown,2,F1,,9.236364,,,,,,,,,,,,,,,
2025-11-25T14:50:32.970553+00:00,gnb:131-133-31000000,UE_3030303031,3,F1,,,,,,,0.0,,9.236364,,,,,,,,
2025-11-25T14:50:32.970960+00:00,gnb:131-133-31000000,unknown,2,F1,,,,,,,,,,,,,,,,,
2025-11-25T14:50:32.971132+00:00,gnb:131-133-31000000,UE_3030303031,3,F1,,,,,,,,1,,0,,,,,,,
2025-11-25T14:50:32.971514+00:00,gnb:131-133-31000000,CELL_1111,2,F1,1,,61,0,400,0,,,,,,,,,,,
2025-11-25T14:50:32.971647+00:00,gnb:131-133-31000000,UE_3030303031,3,F1,,,,,,,,,,,18093.76993,,,61,0,400,0
2025-11-25T14:50:32.971967+00:00,gnb:131-133-31000000,unknown,2,F1,,9.23715,,,,,,,,,,,,,,,
2025-11-25T14:50:32.972077+00:00,gnb:131-133-31000000,UE_3030303031,3,F1,,,,,,,0.0,,9.23715,,,,,,,,
2025-11-25T14:50:32.972402+00:00,gnb:131-133-31000000,unknown,2,F1,,,,,,,,,,,,,,,,,
2025-11-25T14:50:32.972511+00:00,gnb:131-133-31000000,UE_3030303031,3,F1,,,,,,,,1,,0,,,,,,,
2025-11-25T14:50:32.973027+00:00,gnb:131-133-31000000,CELL_1111,2,F1,1,,61,0,400,0,,,,,,,,,,,
2025-11-25T14:50:32.973155+00:00,gnb:131-133-31000000,UE_3030303031,3,F1,,,,,,,,,,,18091.847369,,,61,0,400,0
2025-11-25T14:50:32.973585+00:00,gnb:131-133-31000000,unknown,2,F1,,9.245439,,,,,,,,,,,,,,,
2025-11-25T14:50:32.973712+00:00,gnb:131-133-31000000,UE_3030303031,3,F1,,,,,,,0.0,,9.245439,,,,,,,,
2025-11-25T14:50:32.974039+00:00,gnb:131-133-31000000,unknown,2,F1,,,,,,,,,,,,,,,,,
2025-11-25T14:50:32.974159+00:00,gnb:131-133-31000000,UE_3030303031,3,F1,,,,,,,,1,,0,,,,,,,
2025-11-25T14:50:32.974625+00:00,gnb:131-133-31000000,CELL_1111,2,F1,1,,61,0,400,0,,,,,,,,,,,
2025-11-25T14:50:32.974751+00:00,gnb:131-133-31000000,UE_3030303031,3,F1,,,,,,,,,,,18089.951887,,,61,0,400,0
2025-11-25T14:50:32.975123+00:00,gnb:131-133-31000000,unknown,2,F1,,9.235346,,,,,,,,,,,,,,,
2025-11-25T14:50:32.975270+00:00,gnb:131-133-31000000,UE_3030303031,3,F1,,,,,,,0.0,,9.235346,,,,,,,,
2025-11-25T14:50:32.975715+00:00,gnb:131-133-31000000,unknown,2,F1,,,,,,,,,,,,,,,,,
2025-11-25T14:50:32.975922+00:00,gnb:131-133-31000000,UE_3030303031,3,F1,,,,,,,,1,,0,,,,,,,
2025-11-25T14:50:32.976344+00:00,gnb:131-133-31000000,CELL_1111,2,F1,1,,61,0,400,0,,,,,,,,,,,
2025-11-25T14:50:32.976563+00:00,gnb:131-133-31000000,UE_3030303031,3,F1,,,,,,,,,,,18088.061855,,,61,0,400,0
2025-11-25T14:50:32.977041+00:00,gnb:131-133-31000000,unknown,2,F1,,9.23995,,,,,,,,,,,,,,,
2025-11-25T14:50:32.977231+00:00,gnb:131-133-31000000,UE_3030303031,3,F1,,,,,,,0.0,,9.23995,,,,,,,,
2025-11-25T14:50:32.977753+00:00,gnb:131-133-31000000,unknown,2,F1,,,,,,,,,,,,,,,,,
2025-11-25T14:50:32.978002+00:00,gnb:131-133-31000000,UE_3030303031,3,F1,,,,,,,,1,,0,,,,,,,
2025-11-25T14:50:32.978760+00:00,gnb:131-133-31000000,CELL_1111,2,F1,1,,61,0,400,0,,,,,,,,,,,
2025-11-25T14:50:32.979067+00:00,gnb:131-133-31000000,UE_3030303031,3,F1,,,,,,,,,,,18086.1106,,,61,0,400,0
2025-11-25T14:50:32.979612+00:00,gnb:131-133-31000000,unknown,2,F1,,9.239569,,,,,,,,,,,,,,,
2025-11-25T14:50:32.979929+00:00,gnb:131-133-31000000,UE_3030303031,3,F1,,,,,,,0.0,,9.239569,,,,,,,,
2025-11-25T14:50:32.980465+00:00,gnb:131-133-31000000,unknown,2,F1,,,,,,,,,,,,,,,,,
2025-11-25T14:50:32.980711+00:00,gnb:131-133-31000000,UE_3030303031,3,F1,,,,,,,,1,,0,,,,,,,
2025-11-25T14:50:32.981221+00:00,gnb:131-133-31000000,CELL_1111,2,F1,1,,61,0,400,0,,,,,,,,,,,
2025-11-25T14:50:32.981443+00:00,gnb:131-133-31000000,UE_3030303031,3,F1,,,,,,,,,,,18084.25111,,,61,0,400,0
2025-11-25T14:50:32.982012+00:00,gnb:131-133-31000000,unknown,2,F1,,9.236364,,,,,,,,,,,,,,,
2025-11-25T14:50:32.982246+00:00,gnb:131-133-31000000,UE_3030303031,3,F1,,,,,,,0.0,,9.236364,,,,,,,,
2025-11-25T14:50:32.982780+00:00,gnb:131-133-31000000,unknown,2,F1,,,,,,,,,,,,,,,,,
2025-11-25T14:50:32.983023+00:00,gnb:131-133-31000000,UE_3030303031,3,F1,,,,,,,,1,,0,,,,,,,
2025-11-25T14:50:32.983568+00:00,gnb:131-133-31000000,CELL_1111,2,F1,1,,61,0,400,0,,,,,,,,,,,
2025-11-25T14:50:32.983850+00:00,gnb:131-133-31000000,UE_3030303031,3,F1,,,,,,,,,,,18082.366317,,,61,0,400,0
2025-11-25T14:50:32.984942+00:00,gnb:131-133-31000000,unknown,2,F1,,9.23715,,,,,,,,,,,,,,,
2025-11-25T14:50:32.985275+00:00,gnb:131-133-31000000,UE_3030303031,3,F1,,,,,,,0.0,,9.23715,,,,,,,,
2025-11-25T14:50:50.864505+00:00,gnb:131-133-31000000,unknown,2,F1,,,,,,,,,,,,,,,,,
2025-11-25T14:50:50.864679+00:00,gnb:131-133-31000000,UE_3030303031,3,F1,,,,,,,,1,,0,,,,,,,
2025-11-25T14:50:50.865043+00:00,gnb:131-133-31000000,CELL_1111,2,F1,1,,61,0,400,0,,,,,,,,,,,
2025-11-25T14:50:50.865215+00:00,gnb:131-133-31000000,UE_3030303031,3,F1,,,,,,,,,,,18080.535005,,,61,0,400,0
2025-11-25T14:50:50.865557+00:00,gnb:131-133-31000000,unknown,2,F1,,9.238648,,,,,,,,,,,,,,,
2025-11-25T14:50:50.865726+00:00,gnb:131-133-31000000,UE_3030303031,3,F1,,,,,,,0.0,,9.238648,,,,,,,,
2025-11-25T14:50:50.866055+00:00,gnb:131-133-31000000,unknown,2,F1,,,,,,,,,,,,,,,,,
2025-11-25T14:50:50.866212+00:00,gnb:131-133-31000000,UE_3030303031,3,F1,,,,,,,,1,,0,,,,,,,
2025-11-25T14:50:50.866542+00:00,gnb:131-133-31000000,CELL_1111,2,F1,1,,61,0,400,0,,,,,,,,,,,
2025-11-25T14:50:50.866715+00:00,gnb:131-133-31000000,UE_3030303031,3,F1,,,,,,,,,,,18078.719727,,,61,0,400,0
2025-11-25T14:50:50.867906+00:00,gnb:131-133-31000000,unknown,2,F1,,9.235346,,,,,,,,,,,,,,,
2025-11-25T14:50:50.868104+00:00,gnb:131-133-31000000,UE_3030303031,3,F1,,,,,,,0.0,,9.235346,,,,,,,,
2025-11-25T14:50:50.868467+00:00,gnb:131-133-31000000,unknown,2,F1,,,,,,,,,,,,,,,,,
2025-11-25T14:50:50.868636+00:00,gnb:131-133-31000000,UE_3030303031,3,F1,,,,,,,,1,,0,,,,,,,
2025-11-25T14:50:50.868999+00:00,gnb:131-133-31000000,CELL_1111,2,F1,1,,61,0,400,0,,,,,,,,,,,
2025-11-25T14:50:50.869162+00:00,gnb:131-133-31000000,UE_3030303031,3,F1,,,,,,,,,,,18076.918778,,,61,0,400,0
2025-11-25T14:50:50.869529+00:00,gnb:131-133-31000000,unknown,2,F1,,9.23975,,,,,,,,,,,,,,,
2025-11-25T14:50:50.869695+00:00,gnb:131-133-31000000,UE_3030303031,3,F1,,,,,,,0.0,,9.23975,,,,,,,,
2025-11-25T14:50:50.870020+00:00,gnb:131-133-31000000,unknown,2,F1,,,,,,,,,,,,,,,,,
2025-11-25T14:50:50.870175+00:00,gnb:131-133-31000000,UE_3030303031,3,F1,,,,,,,,1,,0,,,,,,,
2025-11-25T14:50:50.870506+00:00,gnb:131-133-31000000,CELL_1111,2,F1,1,,61,0,400,0,,,,,,,,,,,
2025-11-25T14:50:50.870690+00:00,gnb:131-133-31000000,UE_3030303031,3,F1,,,,,,,,,,,18075.057232,,,61,0,400,0
2025-11-25T14:50:50.871092+00:00,gnb:131-133-31000000,unknown,2,F1,,9.239369,,,,,,,,,,,,,,,
2025-11-25T14:50:50.871387+00:00,gnb:131-133-31000000,UE_3030303031,3,F1,,,,,,,0.0,,9.239369,,,,,,,,
2025-11-25T14:50:50.874311+00:00,gnb:131-133-31000000,unknown,2,F1,,,,,,,,,,,,,,,,,
2025-11-25T14:50:50.874650+00:00,gnb:131-133-31000000,UE_3030303031,3,F1,,,,,,,,1,,0,,,,,,,
2025-11-25T14:50:50.875028+00:00,gnb:131-133-31000000,CELL_1111,2,F1,1,,61,0,400,0,,,,,,,,,,,
2025-11-25T14:50:50.875165+00:00,gnb:131-133-31000000,UE_3030303031,3,F1,,,,,,,,,,,18073.284709,,,61,0,400,0
2025-11-25T14:50:50.875494+00:00,gnb:131-133-31000000,unknown,2,F1,,9.247044,,,,,,,,,,,,,,,
2025-11-25T14:50:50.875768+00:00,gnb:131-133-31000000,UE_3030303031,3,F1,,,,,,,0.0,,9.247044,,,,,,,,
2025-11-25T14:50:50.876139+00:00,gnb:131-133-31000000,unknown,2,F1,,,,,,,,,,,,,,,,,
2025-11-25T14:50:50.876323+00:00,gnb:131-133-31000000,UE_3030303031,3,F1,,,,,,,,1,,0,,,,,,,
2025-11-25T14:50:50.876912+00:00,gnb:131-133-31000000,CELL_1111,2,F1,1,,61,0,400,0,,,,,,,,,,,
2025-11-25T14:50:50.877126+00:00,gnb:131-133-31000000,UE_3030303031,3,F1,,,,,,,,,,,18071.500745,,,61,0,400,0
2025-11-25T14:50:50.877527+00:00,gnb:131-133-31000000,unknown,2,F1,,9.23695,,,,,,,,,,,,,,,
2025-11-25T14:50:50.877744+00:00,gnb:131-133-31000000,UE_3030303031,3,F1,,,,,,,0.0,,9.23695,,,,,,,,
2025-11-25T14:50:50.878103+00:00,gnb:131-133-31000000,unknown,2,F1,,,,,,,,,,,,,,,,,
2025-11-25T14:50:50.878272+00:00,gnb:131-133-31000000,UE_3030303031,3,F1,,,,,,,,1,,0,,,,,,,
2025-11-25T14:50:50.878735+00:00,gnb:131-133-31000000,CELL_1111,2,F1,1,,61,0,400,0,,,,,,,,,,,
2025-11-25T14:50:50.878901+00:00,gnb:131-133-31000000,UE_3030303031,3,F1,,,,,,,,,,,18069.754337,,,61,0,400,0
2025-11-25T14:50:50.879220+00:00,gnb:131-133-31000000,unknown,2,F1,,9.238448,,,,,,,,,,,,,,,
2025-11-25T14:50:50.879329+00:00,gnb:131-133-31000000,UE_3030303031,3,F1,,,,,,,0.0,,9.238448,,,,,,,,
2025-11-25T14:50:50.879705+00:00,gnb:131-133-31000000,unknown,2,F1,,,,,,,,,,,,,,,,,
2025-11-25T14:50:50.879838+00:00,gnb:131-133-31000000,UE_3030303031,3,F1,,,,,,,,1,,0,,,,,,,
2025-11-25T14:50:50.880202+00:00,gnb:131-133-31000000,CELL_1111,2,F1,1,,61,0,400,0,,,,,,,,,,,
2025-11-25T14:50:50.880380+00:00,gnb:131-133-31000000,UE_3030303031,3,F1,,,,,,,,,,,18068.022934,,,61,0,400,0
2025-11-25T14:50:50.880761+00:00,gnb:131-133-31000000,unknown,2,F1,,9.235146,,,,,,,,,,,,,,,
2025-11-25T14:50:50.880877+00:00,gnb:131-133-31000000,UE_3030303031,3,F1,,,,,,,0.0,,9.235146,,,,,,,,
2025-11-25T14:50:50.881174+00:00,gnb:131-133-31000000,unknown,2,F1,,,,,,,,,,,,,,,,,
2025-11-25T14:50:50.881300+00:00,gnb:131-133-31000000,UE_3030303031,3,F1,,,,,,,,1,,0,,,,,,,
2025-11-25T14:50:50.881556+00:00,gnb:131-133-31000000,CELL_1111,2,F1,1,,61,0,400,0,,,,,,,,,,,
2025-11-25T14:50:50.881752+00:00,gnb:131-133-31000000,UE_3030303031,3,F1,,,,,,,,,,,18066.304881,,,61,0,400,0
2025-11-25T14:50:50.882213+00:00,gnb:131-133-31000000,unknown,2,F1,,9.23975,,,,,,,,,,,,,,,
2025-11-25T14:50:50.882384+00:00,gnb:131-133-31000000,UE_3030303031,3,F1,,,,,,,0.0,,9.23975,,,,,,,,
2025-11-25T14:50:50.882775+00:00,gnb:131-133-31000000,unknown,2,F1,,,,,,,,,,,,,,,,,
2025-11-25T14:50:50.882899+00:00,gnb:131-133-31000000,UE_3030303031,3,F1,,,,,,,,1,,0,,,,,,,
2025-11-25T14:50:50.883204+00:00,gnb:131-133-31000000,CELL_1111,2,F1,1,,61,0,400,0,,,,,,,,,,,
2025-11-25T14:50:50.883338+00:00,gnb:131-133-31000000,UE_3030303031,3,F1,,,,,,,,,,,18064.526883,,,61,0,400,0
2025-11-25T14:50:50.883755+00:00,gnb:131-133-31000000,unknown,2,F1,,9.239369,,,,,,,,,,,,,,,
2025-11-25T14:50:50.883968+00:00,gnb:131-133-31000000,UE_3030303031,3,F1,,,,,,,0.0,,9.239369,,,,,,,,
2025-11-25T14:50:50.884332+00:00,gnb:131-133-31000000,unknown,2,F1,,,,,,,,,,,,,,,,,
2025-11-25T14:50:50.884463+00:00,gnb:131-133-31000000,UE_3030303031,3,F1,,,,,,,,1,,0,,,,,,,
2025-11-25T14:50:50.884799+00:00,gnb:131-133-31000000,CELL_1111,2,F1,1,,61,0,400,0,,,,,,,,,,,
2025-11-25T14:50:50.884914+00:00,gnb:131-133-31000000,UE_3030303031,3,F1,,,,,,,,,,,18062.835334,,,61,0,400,0
2025-11-25T14:50:50.885270+00:00,gnb:131-133-31000000,unknown,2,F1,,9.236164,,,,,,,,,,,,,,,
2025-11-25T14:50:50.885425+00:00,gnb:131-133-31000000,UE_3030303031,3,F1,,,,,,,0.0,,9.236164,,,,,,,,
2025-11-25T14:50:50.885768+00:00,gnb:131-133-31000000,unknown,2,F1,,,,,,,,,,,,,,,,,
2025-11-25T14:50:50.885897+00:00,gnb:131-133-31000000,UE_3030303031,3,F1,,,,,,,,1,,0,,,,,,,
2025-11-25T14:50:50.886227+00:00,gnb:131-133-31000000,CELL_1111,2,F1,1,,61,0,400,0,,,,,,,,,,,
2025-11-25T14:50:50.886363+00:00,gnb:131-133-31000000,UE_3030303031,3,F1,,,,,,,,,,,18061.118556,,,61,0,400,0
2025-11-25T14:50:50.886757+00:00,gnb:131-133-31000000,unknown,2,F1,,9.23695,,,,,,,,,,,,,,,
2025-11-25T14:50:50.886957+00:00,gnb:131-133-31000000,UE_3030303031,3,F1,,,,,,,0.0,,9.23695,,,,,,,,
2025-11-25T14:50:50.887452+00:00,gnb:131-133-31000000,unknown,2,F1,,,,,,,,,,,,,,,,,
2025-11-25T14:50:50.887612+00:00,gnb:131-133-31000000,UE_3030303031,3,F1,,,,,,,,1,,0,,,,,,,
2025-11-25T14:50:50.888071+00:00,gnb:131-133-31000000,CELL_1111,2,F1,1,,61,0,400,0,,,,,,,,,,,
2025-11-25T14:50:50.888237+00:00,gnb:131-133-31000000,UE_3030303031,3,F1,,,,,,,,,,,18059.451349,,,61,0,400,0
2025-11-25T14:50:50.888617+00:00,gnb:131-133-31000000,unknown,2,F1,,9.238248,,,,,,,,,,,,,,,
2025-11-25T14:50:50.888751+00:00,gnb:131-133-31000000,UE_3030303031,3,F1,,,,,,,0.0,,9.238248,,,,,,,,
2025-11-25T14:50:50.889075+00:00,gnb:131-133-31000000,unknown,2,F1,,,,,,,,,,,,,,,,,
2025-11-25T14:50:50.889378+00:00,gnb:131-133-31000000,UE_3030303031,3,F1,,,,,,,,1,,0,,,,,,,
2025-11-25T14:50:50.889818+00:00,gnb:131-133-31000000,CELL_1111,2,F1,1,,61,0,400,0,,,,,,,,,,,
2025-11-25T14:50:50.890005+00:00,gnb:131-133-31000000,UE_3030303031,3,F1,,,,,,,,,,,18057.798207,,,61,0,400,0
2025-11-25T14:50:50.890510+00:00,gnb:131-133-31000000,unknown,2,F1,,9.234946,,,,,,,,,,,,,,,
2025-11-25T14:50:50.890698+00:00,gnb:131-133-31000000,UE_3030303031,3,F1,,,,,,,0.0,,9.234946,,,,,,,,
2025-11-25T14:50:50.891099+00:00,gnb:131-133-31000000,unknown,2,F1,,,,,,,,,,,,,,,,,
2025-11-25T14:50:50.891257+00:00,gnb:131-133-31000000,UE_3030303031,3,F1,,,,,,,,1,,0,,,,,,,
2025-11-25T14:50:50.891588+00:00,gnb:131-133-31000000,CELL_1111,2,F1,1,,61,0,400,0,,,,,,,,,,,
2025-11-25T14:50:50.891728+00:00,gnb:131-133-31000000,UE_3030303031,3,F1,,,,,,,,,,,18056.157524,,,61,0,400,0
2025-11-25T14:50:50.892047+00:00,gnb:131-133-31000000,unknown,2,F1,,9.244992,,,,,,,,,,,,,,,
2025-11-25T14:50:50.892170+00:00,gnb:131-133-31000000,UE_3030303031,3,F1,,,,,,,0.0,,9.244992,,,,,,,,
2025-11-25T14:50:50.892458+00:00,gnb:131-133-31000000,unknown,2,F1,,,,,,,,,,,,,,,,,
2025-11-25T14:50:50.892576+00:00,gnb:131-133-31000000,UE_3030303031,3,F1,,,,,,,,1,,0,,,,,,,
2025-11-25T14:50:50.892926+00:00,gnb:131-133-31000000,CELL_1111,2,F1,1,,61,0,400,0,,,,,,,,,,,
2025-11-25T14:50:50.893035+00:00,gnb:131-133-31000000,UE_3030303031,3,F1,,,,,,,,,,,18054.466733,,,61,0,400,0
2025-11-25T14:50:50.893305+00:00,gnb:131-133-31000000,unknown,2,F1,,9.239169,,,,,,,,,,,,,,,
2025-11-25T14:50:50.893464+00:00,gnb:131-133-31000000,UE_3030303031,3,F1,,,,,,,0.0,,9.239169,,,,,,,,
2025-11-25T14:50:50.893849+00:00,gnb:131-133-31000000,unknown,2,F1,,,,,,,,,,,,,,,,,
2025-11-25T14:50:50.893977+00:00,gnb:131-133-31000000,UE_3030303031,3,F1,,,,,,,,1,,0,,,,,,,
2025-11-25T14:50:50.894403+00:00,gnb:131-133-31000000,CELL_1111,2,F1,1,,61,0,400,0,,,,,,,,,,,
2025-11-25T14:50:50.894551+00:00,gnb:131-133-31000000,UE_3030303031,3,F1,,,,,,,,,,,18052.850766,,,61,0,400,0
2025-11-25T14:50:50.894953+00:00,gnb:131-133-31000000,unknown,2,F1,,9.235964,,,,,,,,,,,,,,,
2025-11-25T14:50:50.895114+00:00,gnb:131-133-31000000,UE_3030303031,3,F1,,,,,,,0.0,,9.235964,,,,,,,,
2025-11-25T14:50:50.895535+00:00,gnb:131-133-31000000,unknown,2,F1,,,,,,,,,,,,,,,,,
2025-11-25T14:50:50.895690+00:00,gnb:131-133-31000000,UE_3030303031,3,F1,,,,,,,,1,,0,,,,,,,
2025-11-25T14:50:50.896129+00:00,gnb:131-133-31000000,CELL_1111,2,F1,1,,61,0,400,0,,,,,,,,,,,
2025-11-25T14:50:50.896251+00:00,gnb:131-133-31000000,UE_3030303031,3,F1,,,,,,,,,,,18051.20966,,,61,0,400,0
2025-11-25T14:50:50.896599+00:00,gnb:131-133-31000000,unknown,2,F1,,9.23675,,,,,,,,,,,,,,,
2025-11-25T14:50:50.896726+00:00,gnb:131-133-31000000,UE_3030303031,3,F1,,,,,,,0.0,,9.23675,,,,,,,,
2025-11-25T14:50:50.897063+00:00,gnb:131-133-31000000,unknown,2,F1,,,,,,,,,,,,,,,,,
2025-11-25T14:50:50.897273+00:00,gnb:131-133-31000000,UE_3030303031,3,F1,,,,,,,,1,,0,,,,,,,
2025-11-25T14:50:50.897603+00:00,gnb:131-133-31000000,CELL_1111,2,F1,1,,61,0,400,0,,,,,,,,,,,
2025-11-25T14:50:50.897716+00:00,gnb:131-133-31000000,UE_3030303031,3,F1,,,,,,,,,,,18049.616369,,,61,0,400,0
2025-11-25T14:50:50.897990+00:00,gnb:131-133-31000000,unknown,2,F1,,9.238248,,,,,,,,,,,,,,,
2025-11-25T14:50:50.898103+00:00,gnb:131-133-31000000,UE_3030303031,3,F1,,,,,,,0.0,,9.238248,,,,,,,,
2025-11-25T14:50:50.898372+00:00,gnb:131-133-31000000,unknown,2,F1,,,,,,,,,,,,,,,,,
2025-11-25T14:50:50.898481+00:00,gnb:131-133-31000000,UE_3030303031,3,F1,,,,,,,,1,,0,,,,,,,
2025-11-25T14:50:50.898766+00:00,gnb:131-133-31000000,CELL_1111,2,F1,1,,61,0,400,0,,,,,,,,,,,
2025-11-25T14:50:50.898881+00:00,gnb:131-133-31000000,UE_3030303031,3,F1,,,,,,,,,,,18048.036284,,,61,0,400,0
2025-11-25T14:50:50.899157+00:00,gnb:131-133-31000000,unknown,2,F1,,9.234946,,,,,,,,,,,,,,,
2025-11-25T14:50:50.899271+00:00,gnb:131-133-31000000,UE_3030303031,3,F1,,,,,,,0.0,,9.234946,,,,,,,,
2025-11-25T14:50:50.899534+00:00,gnb:131-133-31000000,unknown,2,F1,,,,,,,,,,,,,,,,,
2025-11-25T14:50:50.899646+00:00,gnb:131-133-31000000,UE_3030303031,3,F1,,,,,,,,1,,0,,,,,,,
2025-11-25T14:50:50.899909+00:00,gnb:131-133-31000000,CELL_1111,2,F1,1,,61,0,400,0,,,,,,,,,,,
2025-11-25T14:50:50.900021+00:00,gnb:131-133-31000000,UE_3030303031,3,F1,,,,,,,,,,,18046.467844,,,61,0,400,0
2025-11-25T14:50:50.900294+00:00,gnb:131-133-31000000,unknown,2,F1,,9.23955,,,,,,,,,,,,,,,
2025-11-25T14:50:50.900421+00:00,gnb:131-133-31000000,UE_3030303031,3,F1,,,,,,,0.0,,9.23955,,,,,,,,
2025-11-25T14:50:50.900784+00:00,gnb:131-133-31000000,unknown,2,F1,,,,,,,,,,,,,,,,,
2025-11-25T14:50:50.901013+00:00,gnb:131-133-31000000,UE_3030303031,3,F1,,,,,,,,1,,0,,,,,,,
2025-11-25T14:50:50.901367+00:00,gnb:131-133-31000000,CELL_1111,2,F1,1,,61,0,400,0,,,,,,,,,,,
2025-11-25T14:50:50.901508+00:00,gnb:131-133-31000000,UE_3030303031,3,F1,,,,,,,,,,,18044.840809,,,61,0,400,0
2025-11-25T14:50:50.901856+00:00,gnb:131-133-31000000,unknown,2,F1,,9.239169,,,,,,,,,,,,,,,
2025-11-25T14:50:50.901999+00:00,gnb:131-133-31000000,UE_3030303031,3,F1,,,,,,,0.0,,9.239169,,,,,,,,
2025-11-25T14:50:50.902340+00:00,gnb:131-133-31000000,unknown,2,F1,,,,,,,,,,,,,,,,,
2025-11-25T14:50:50.902471+00:00,gnb:131-133-31000000,UE_3030303031,3,F1,,,,,,,,1,,0,,,,,,,
2025-11-25T14:50:50.902879+00:00,gnb:131-133-31000000,CELL_1111,2,F1,1,,61,0,400,0,,,,,,,,,,,
2025-11-25T14:50:50.903039+00:00,gnb:131-133-31000000,UE_3030303031,3,F1,,,,,,,,,,,18043.295517,,,61,0,400,0
2025-11-25T14:50:50.903457+00:00,gnb:131-133-31000000,unknown,2,F1,,9.235764,,,,,,,,,,,,,,,
2025-11-25T14:50:50.903605+00:00,gnb:131-133-31000000,UE_3030303031,3,F1,,,,,,,0.0,,9.235764,,,,,,,,
2025-11-25T14:50:50.903954+00:00,gnb:131-133-31000000,unknown,2,F1,,,,,,,,,,,,,,,,,
2025-11-25T14:50:50.904096+00:00,gnb:131-133-31000000,UE_3030303031,3,F1,,,,,,,,1,,0,,,,,,,
2025-11-25T14:50:50.904869+00:00,gnb:131-133-31000000,CELL_1111,2,F1,1,,61,0,400,0,,,,,,,,,,,
2025-11-25T14:50:50.905080+00:00,gnb:131-133-31000000,UE_3030303031,3,F1,,,,,,,,,,,18041.725205,,,61,0,400,0
2025-11-25T14:50:50.905493+00:00,gnb:131-133-31000000,unknown,2,F1,,9.23655,,,,,,,,,,,,,,,
2025-11-25T14:50:50.905702+00:00,gnb:131-133-31000000,UE_3030303031,3,F1,,,,,,,0.0,,9.23655,,,,,,,,
2025-11-25T14:50:50.906374+00:00,gnb:131-133-31000000,unknown,2,F1,,,,,,,,,,,,,,,,,
2025-11-25T14:50:50.906592+00:00,gnb:131-133-31000000,UE_3030303031,3,F1,,,,,,,,1,,0,,,,,,,
2025-11-25T14:50:50.907015+00:00,gnb:131-133-31000000,CELL_1111,2,F1,1,,61,0,400,0,,,,,,,,,,,
2025-11-25T14:50:50.907167+00:00,gnb:131-133-31000000,UE_3030303031,3,F1,,,,,,,,,,,18040.201068,,,61,0,400,0
2025-11-25T14:50:50.907516+00:00,gnb:131-133-31000000,unknown,2,F1,,9.244841,,,,,,,,,,,,,,,
2025-11-25T14:50:50.907689+00:00,gnb:131-133-31000000,UE_3030303031,3,F1,,,,,,,0.0,,9.244841,,,,,,,,
2025-11-25T14:50:50.907983+00:00,gnb:131-133-31000000,unknown,2,F1,,,,,,,,,,,,,,,,,
2025-11-25T14:50:50.908096+00:00,gnb:131-133-31000000,UE_3030303031,3,F1,,,,,,,,1,,0,,,,,,,
2025-11-25T14:50:50.908381+00:00,gnb:131-133-31000000,CELL_1111,2,F1,1,,61,0,400,0,,,,,,,,,,,
2025-11-25T14:50:50.908499+00:00,gnb:131-133-31000000,UE_3030303031,3,F1,,,,,,,,,,,18038.698188,,,61,0,400,0
2025-11-25T14:50:50.908794+00:00,gnb:131-133-31000000,unknown,2,F1,,9.234746,,,,,,,,,,,,,,,
2025-11-25T14:50:50.908909+00:00,gnb:131-133-31000000,UE_3030303031,3,F1,,,,,,,0.0,,9.234746,,,,,,,,
2025-11-25T14:50:50.909187+00:00,gnb:131-133-31000000,unknown,2,F1,,,,,,,,,,,,,,,,,
2025-11-25T14:50:50.909303+00:00,gnb:131-133-31000000,UE_3030303031,3,F1,,,,,,,,1,,0,,,,,,,
2025-11-25T14:50:50.909598+00:00,gnb:131-133-31000000,CELL_1111,2,F1,1,,61,0,400,0,,,,,,,,,,,
2025-11-25T14:50:50.909742+00:00,gnb:131-133-31000000,UE_3030303031,3,F1,,,,,,,,,,,18037.197338,,,61,0,400,0
2025-11-25T14:50:50.910225+00:00,gnb:131-133-31000000,unknown,2,F1,,9.23935,,,,,,,,,,,,,,,
2025-11-25T14:50:50.910356+00:00,gnb:131-133-31000000,UE_3030303031,3,F1,,,,,,,0.0,,9.23935,,,,,,,,
2025-11-25T14:50:50.910679+00:00,gnb:131-133-31000000,unknown,2,F1,,,,,,,,,,,,,,,,,
2025-11-25T14:50:50.910801+00:00,gnb:131-133-31000000,UE_3030303031,3,F1,,,,,,,,1,,0,,,,,,,
2025-11-25T14:50:50.911122+00:00,gnb:131-133-31000000,CELL_1111,2,F1,1,,61,0,400,0,,,,,,,,,,,
2025-11-25T14:50:50.911255+00:00,gnb:131-133-31000000,UE_3030303031,3,F1,,,,,,,,,,,18035.638582,,,61,0,400,0
2025-11-25T14:50:50.911578+00:00,gnb:131-133-31000000,unknown,2,F1,,9.238969,,,,,,,,,,,,,,,
2025-11-25T14:50:50.911757+00:00,gnb:131-133-31000000,UE_3030303031,3,F1,,,,,,,0.0,,9.238969,,,,,,,,
2025-11-25T14:50:50.912051+00:00,gnb:131-133-31000000,unknown,2,F1,,,,,,,,,,,,,,,,,
2025-11-25T14:50:50.912167+00:00,gnb:131-133-31000000,UE_3030303031,3,F1,,,,,,,,1,,0,,,,,,,
2025-11-25T14:50:50.912457+00:00,gnb:131-133-31000000,CELL_1111,2,F1,1,,61,0,400,0,,,,,,,,,,,
2025-11-25T14:50:50.912578+00:00,gnb:131-133-31000000,UE_3030303031,3,F1,,,,,,,,,,,18034.159414,,,61,0,400,0
2025-11-25T14:50:50.912881+00:00,gnb:131-133-31000000,unknown,2,F1,,9.235764,,,,,,,,,,,,,,,
2025-11-25T14:50:50.913002+00:00,gnb:131-133-31000000,UE_3030303031,3,F1,,,,,,,0.0,,9.235764,,,,,,,,
2025-11-25T14:50:50.913289+00:00,gnb:131-133-31000000,unknown,2,F1,,,,,,,,,,,,,,,,,
2025-11-25T14:50:50.913405+00:00,gnb:131-133-31000000,UE_3030303031,3,F1,,,,,,,,1,,0,,,,,,,
2025-11-25T14:50:50.913710+00:00,gnb:131-133-31000000,CELL_1111,2,F1,1,,61,0,400,0,,,,,,,,,,,
2025-11-25T14:50:50.913832+00:00,gnb:131-133-31000000,UE_3030303031,3,F1,,,,,,,,,,,18032.655367,,,61,0,400,0
2025-11-25T14:50:50.914132+00:00,gnb:131-133-31000000,unknown,2,F1,,9.23655,,,,,,,,,,,,,,,
2025-11-25T14:50:50.914271+00:00,gnb:131-133-31000000,UE_3030303031,3,F1,,,,,,,0.0,,9.23655,,,,,,,,
2025-11-25T14:50:50.914545+00:00,gnb:131-133-31000000,unknown,2,F1,,,,,,,,,,,,,,,,,
2025-11-25T14:50:50.914666+00:00,gnb:131-133-31000000,UE_3030303031,3,F1,,,,,,,,1,,0,,,,,,,
2025-11-25T14:50:50.914944+00:00,gnb:131-133-31000000,CELL_1111,2,F1,1,,61,0,400,0,,,,,,,,,,,
2025-11-25T14:50:50.915063+00:00,gnb:131-133-31000000,UE_3030303031,3,F1,,,,,,,,,,,18031.195962,,,61,0,400,0
2025-11-25T14:50:50.915350+00:00,gnb:131-133-31000000,unknown,2,F1,,9.238048,,,,,,,,,,,,,,,
2025-11-25T14:50:50.915466+00:00,gnb:131-133-31000000,UE_3030303031,3,F1,,,,,,,0.0,,9.238048,,,,,,,,
2025-11-25T14:50:50.915744+00:00,gnb:131-133-31000000,unknown,2,F1,,,,,,,,,,,,,,,,,
2025-11-25T14:50:50.915855+00:00,gnb:131-133-31000000,UE_3030303031,3,F1,,,,,,,,1,,0,,,,,,,
2025-11-25T14:50:50.916138+00:00,gnb:131-133-31000000,CELL_1111,2,F1,1,,61,0,400,0,,,,,,,,,,,
2025-11-25T14:50:50.916263+00:00,gnb:131-133-31000000,UE_3030303031,3,F1,,,,,,,,,,,18029.748253,,,61,0,400,0
2025-11-25T14:50:50.916544+00:00,gnb:131-133-31000000,unknown,2,F1,,9.234746,,,,,,,,,,,,,,,
2025-11-25T14:50:50.916662+00:00,gnb:131-133-31000000,UE_3030303031,3,F1,,,,,,,0.0,,9.234746,,,,,,,,
2025-11-25T14:50:50.916922+00:00,gnb:131-133-31000000,unknown,2,F1,,,,,,,,,,,,,,,,,
2025-11-25T14:50:50.917029+00:00,gnb:131-133-31000000,UE_3030303031,3,F1,,,,,,,,1,,0,,,,,,,
2025-11-25T14:50:50.917369+00:00,gnb:131-133-31000000,CELL_1111,2,F1,1,,61,0,400,0,,,,,,,,,,,
2025-11-25T14:50:50.917617+00:00,gnb:131-133-31000000,UE_3030303031,3,F1,,,,,,,,,,,18028.310762,,,61,0,400,0
2025-11-25T14:50:50.918025+00:00,gnb:131-133-31000000,unknown,2,F1,,9.23915,,,,,,,,,,,,,,,
2025-11-25T14:50:50.918180+00:00,gnb:131-133-31000000,UE_3030303031,3,F1,,,,,,,0.0,,9.23915,,,,,,,,
2025-11-25T14:50:50.918564+00:00,gnb:131-133-31000000,unknown,2,F1,,,,,,,,,,,,,,,,,
2025-11-25T14:50:50.918749+00:00,gnb:131-133-31000000,UE_3030303031,3,F1,,,,,,,,1,,0,,,,,,,
2025-11-25T14:50:50.919209+00:00,gnb:131-133-31000000,CELL_1111,2,F1,1,,61,0,400,0,,,,,,,,,,,
2025-11-25T14:50:50.919376+00:00,gnb:131-133-31000000,UE_3030303031,3,F1,,,,,,,,,,,18026.816058,,,61,0,400,0
2025-11-25T14:50:50.919808+00:00,gnb:131-133-31000000,unknown,2,F1,,9.238769,,,,,,,,,,,,,,,
2025-11-25T14:50:50.920032+00:00,gnb:131-133-31000000,UE_3030303031,3,F1,,,,,,,0.0,,9.238769,,,,,,,,
2025-11-25T14:50:50.920419+00:00,gnb:131-133-31000000,unknown,2,F1,,,,,,,,,,,,,,,,,
2025-11-25T14:50:50.920561+00:00,gnb:131-133-31000000,UE_3030303031,3,F1,,,,,,,,1,,0,,,,,,,
2025-11-25T14:50:50.920942+00:00,gnb:131-133-31000000,CELL_1111,2,F1,1,,61,0,400,0,,,,,,,,,,,
2025-11-25T14:50:50.921082+00:00,gnb:131-133-31000000,UE_3030303031,3,F1,,,,,,,,,,,18025.398902,,,61,0,400,0
2025-11-25T14:50:50.921515+00:00,gnb:131-133-31000000,unknown,2,F1,,9.246446,,,,,,,,,,,,,,,
2025-11-25T14:50:50.921680+00:00,gnb:131-133-31000000,UE_3030303031,3,F1,,,,,,,0.0,,9.246446,,,,,,,,
2025-11-25T14:50:50.922085+00:00,gnb:131-133-31000000,unknown,2,F1,,,,,,,,,,,,,,,,,
2025-11-25T14:50:50.922303+00:00,gnb:131-133-31000000,UE_3030303031,3,F1,,,,,,,,1,,0,,,,,,,
2025-11-25T14:50:50.923046+00:00,gnb:131-133-31000000,CELL_1111,2,F1,1,,61,0,400,0,,,,,,,,,,,
2025-11-25T14:50:50.923303+00:00,gnb:131-133-31000000,UE_3030303031,3,F1,,,,,,,,,,,18023.969415,,,61,0,400,0
2025-11-25T14:50:52.678632+00:00,gnb:131-133-31000000,unknown,2,F1,,9.23635,,,,,,,,,,,,,,,
2025-11-25T14:50:52.678982+00:00,gnb:131-133-31000000,UE_3030303031,3,F1,,,,,,,0.0,,9.23635,,,,,,,,
2025-11-25T14:50:52.680414+00:00,gnb:131-133-31000000,unknown,2,F1,,,,,,,,,,,,,,,,,
2025-11-25T14:50:52.680596+00:00,gnb:131-133-31000000,UE_3030303031,3,F1,,,,,,,,1,,0,,,,,,,
2025-11-25T14:50:52.680961+00:00,gnb:131-133-31000000,CELL_1111,2,F1,1,,61,0,400,0,,,,,,,,,,,
2025-11-25T14:50:52.681111+00:00,gnb:131-133-31000000,UE_3030303031,3,F1,,,,,,,,,,,18022.570702,,,61,0,400,0
2025-11-25T14:50:52.681442+00:00,gnb:131-133-31000000,unknown,2,F1,,9.237848,,,,,,,,,,,,,,,
2025-11-25T14:50:52.681572+00:00,gnb:131-133-31000000,UE_3030303031,3,F1,,,,,,,0.0,,9.237848,,,,,,,,
2025-11-25T14:50:52.681909+00:00,gnb:131-133-31000000,unknown,2,F1,,,,,,,,,,,,,,,,,
2025-11-25T14:50:52.682055+00:00,gnb:131-133-31000000,UE_3030303031,3,F1,,,,,,,,1,,0,,,,,,,
2025-11-25T14:50:52.682499+00:00,gnb:131-133-31000000,CELL_1111,2,F1,1,,61,0,400,0,,,,,,,,,,,
2025-11-25T14:50:52.682651+00:00,gnb:131-133-31000000,UE_3030303031,3,F1,,,,,,,,,,,18021.183022,,,61,0,400,0
2025-11-25T14:50:52.683079+00:00,gnb:131-133-31000000,unknown,2,F1,,9.234546,,,,,,,,,,,,,,,
2025-11-25T14:50:52.683201+00:00,gnb:131-133-31000000,UE_3030303031,3,F1,,,,,,,0.0,,9.234546,,,,,,,,
2025-11-25T14:50:52.683510+00:00,gnb:131-133-31000000,unknown,2,F1,,,,,,,,,,,,,,,,,
2025-11-25T14:50:52.683658+00:00,gnb:131-133-31000000,UE_3030303031,3,F1,,,,,,,,1,,0,,,,,,,
2025-11-25T14:50:52.684077+00:00,gnb:131-133-31000000,CELL_1111,2,F1,1,,61,0,400,0,,,,,,,,,,,
2025-11-25T14:50:52.684238+00:00,gnb:131-133-31000000,UE_3030303031,3,F1,,,,,,,,,,,18019.804932,,,61,0,400,0
2025-11-25T14:50:52.684550+00:00,gnb:131-133-31000000,unknown,2,F1,,9.23915,,,,,,,,,,,,,,,
2025-11-25T14:50:52.684711+00:00,gnb:131-133-31000000,UE_3030303031,3,F1,,,,,,,0.0,,9.23915,,,,,,,,
2025-11-25T14:50:52.685012+00:00,gnb:131-133-31000000,unknown,2,F1,,,,,,,,,,,,,,,,,
2025-11-25T14:50:52.685131+00:00,gnb:131-133-31000000,UE_3030303031,3,F1,,,,,,,,1,,0,,,,,,,
2025-11-25T14:50:52.685434+00:00,gnb:131-133-31000000,CELL_1111,2,F1,1,,61,0,400,0,,,,,,,,,,,
2025-11-25T14:50:52.685559+00:00,gnb:131-133-31000000,UE_3030303031,3,F1,,,,,,,,,,,18018.370324,,,61,0,400,0
2025-11-25T14:50:52.685911+00:00,gnb:131-133-31000000,unknown,2,F1,,9.238769,,,,,,,,,,,,,,,
2025-11-25T14:50:52.686044+00:00,gnb:131-133-31000000,UE_3030303031,3,F1,,,,,,,0.0,,9.238769,,,,,,,,
2025-11-25T14:50:52.686801+00:00,gnb:131-133-31000000,unknown,2,F1,,,,,,,,,,,,,,,,,
2025-11-25T14:50:52.687008+00:00,gnb:131-133-31000000,UE_3030303031,3,F1,,,,,,,,1,,0,,,,,,,
2025-11-25T14:50:52.687643+00:00,gnb:131-133-31000000,CELL_1111,2,F1,1,,61,0,400,0,,,,,,,,,,,
2025-11-25T14:50:52.687858+00:00,gnb:131-133-31000000,UE_3030303031,3,F1,,,,,,,,,,,18017.011334,,,61,0,400,0
2025-11-25T14:50:52.688462+00:00,gnb:131-133-31000000,unknown,2,F1,,9.235564,,,,,,,,,,,,,,,
2025-11-25T14:50:52.688651+00:00,gnb:131-133-31000000,UE_3030303031,3,F1,,,,,,,0.0,,9.235564,,,,,,,,
2025-11-25T14:50:52.689181+00:00,gnb:131-133-31000000,unknown,2,F1,,,,,,,,,,,,,,,,,
2025-11-25T14:50:52.689417+00:00,gnb:131-133-31000000,UE_3030303031,3,F1,,,,,,,,1,,0,,,,,,,
2025-11-25T14:50:52.689833+00:00,gnb:131-133-31000000,CELL_1111,2,F1,1,,61,0,400,0,,,,,,,,,,,
2025-11-25T14:50:52.690022+00:00,gnb:131-133-31000000,UE_3030303031,3,F1,,,,,,,,,,,18015.627806,,,61,0,400,0
2025-11-25T14:50:52.690437+00:00,gnb:131-133-31000000,unknown,2,F1,,9.23635,,,,,,,,,,,,,,,
2025-11-25T14:50:52.690621+00:00,gnb:131-133-31000000,UE_3030303031,3,F1,,,,,,,0.0,,9.23635,,,,,,,,
2025-11-25T14:50:52.691165+00:00,gnb:131-133-31000000,unknown,2,F1,,,,,,,,,,,,,,,,,
2025-11-25T14:50:52.691324+00:00,gnb:131-133-31000000,UE_3030303031,3,F1,,,,,,,,1,,0,,,,,,,
2025-11-25T14:50:52.691736+00:00,gnb:131-133-31000000,CELL_1111,2,F1,1,,61,0,400,0,,,,,,,,,,,
2025-11-25T14:50:52.691905+00:00,gnb:131-133-31000000,UE_3030303031,3,F1,,,,,,,,,,,18014.28613,,,61,0,400,0
2025-11-25T14:50:52.692266+00:00,gnb:131-133-31000000,unknown,2,F1,,9.237648,,,,,,,,,,,,,,,
2025-11-25T14:50:52.692403+00:00,gnb:131-133-31000000,UE_3030303031,3,F1,,,,,,,0.0,,9.237648,,,,,,,,
2025-11-25T14:50:52.692786+00:00,gnb:131-133-31000000,unknown,2,F1,,,,,,,,,,,,,,,,,
2025-11-25T14:50:52.692974+00:00,gnb:131-133-31000000,UE_3030303031,3,F1,,,,,,,,1,,0,,,,,,,
2025-11-25T14:50:52.693572+00:00,gnb:131-133-31000000,CELL_1111,2,F1,1,,61,0,400,0,,,,,,,,,,,
2025-11-25T14:50:52.693890+00:00,gnb:131-133-31000000,UE_3030303031,3,F1,,,,,,,,,,,18012.954874,,,61,0,400,0
2025-11-25T14:50:52.694443+00:00,gnb:131-133-31000000,unknown,2,F1,,9.234346,,,,,,,,,,,,,,,
2025-11-25T14:50:52.694620+00:00,gnb:131-133-31000000,UE_3030303031,3,F1,,,,,,,0.0,,9.234346,,,,,,,,
2025-11-25T14:50:52.695108+00:00,gnb:131-133-31000000,unknown,2,F1,,,,,,,,,,,,,,,,,
2025-11-25T14:50:52.695359+00:00,gnb:131-133-31000000,UE_3030303031,3,F1,,,,,,,,1,,0,,,,,,,
2025-11-25T14:50:52.695816+00:00,gnb:131-133-31000000,CELL_1111,2,F1,1,,61,0,400,0,,,,,,,,,,,
2025-11-25T14:50:52.696009+00:00,gnb:131-133-31000000,UE_3030303031,3,F1,,,,,,,,,,,18011.632632,,,61,0,400,0
2025-11-25T14:50:52.696417+00:00,gnb:131-133-31000000,unknown,2,F1,,9.244394,,,,,,,,,,,,,,,
2025-11-25T14:50:52.696556+00:00,gnb:131-133-31000000,UE_3030303031,3,F1,,,,,,,0.0,,9.244394,,,,,,,,
2025-11-25T14:50:52.696923+00:00,gnb:131-133-31000000,unknown,2,F1,,,,,,,,,,,,,,,,,
2025-11-25T14:50:52.697053+00:00,gnb:131-133-31000000,UE_3030303031,3,F1,,,,,,,,1,,0,,,,,,,
2025-11-25T14:50:52.697369+00:00,gnb:131-133-31000000,CELL_1111,2,F1,1,,61,0,400,0,,,,,,,,,,,
2025-11-25T14:50:52.697531+00:00,gnb:131-133-31000000,UE_3030303031,3,F1,,,,,,,,,,,18010.262808,,,61,0,400,0
2025-11-25T14:50:52.697822+00:00,gnb:131-133-31000000,unknown,2,F1,,9.238569,,,,,,,,,,,,,,,
2025-11-25T14:50:52.697982+00:00,gnb:131-133-31000000,UE_3030303031,3,F1,,,,,,,0.0,,9.238569,,,,,,,,
2025-11-25T14:50:52.698316+00:00,gnb:131-133-31000000,unknown,2,F1,,,,,,,,,,,,,,,,,
2025-11-25T14:50:52.698442+00:00,gnb:131-133-31000000,UE_3030303031,3,F1,,,,,,,,1,,0,,,,,,,
2025-11-25T14:50:52.698753+00:00,gnb:131-133-31000000,CELL_1111,2,F1,1,,61,0,400,0,,,,,,,,,,,
2025-11-25T14:50:52.698892+00:00,gnb:131-133-31000000,UE_3030303031,3,F1,,,,,,,,,,,18008.958499,,,61,0,400,0
2025-11-25T14:50:52.699182+00:00,gnb:131-133-31000000,unknown,2,F1,,9.235364,,,,,,,,,,,,,,,
2025-11-25T14:50:52.699294+00:00,gnb:131-133-31000000,UE_3030303031,3,F1,,,,,,,0.0,,9.235364,,,,,,,,
2025-11-25T14:50:52.699565+00:00,gnb:131-133-31000000,unknown,2,F1,,,,,,,,,,,,,,,,,
2025-11-25T14:50:52.699702+00:00,gnb:131-133-31000000,UE_3030303031,3,F1,,,,,,,,1,,0,,,,,,,
2025-11-25T14:50:52.700052+00:00,gnb:131-133-31000000,CELL_1111,2,F1,1,,61,0,400,0,,,,,,,,,,,
2025-11-25T14:50:52.700195+00:00,gnb:131-133-31000000,UE_3030303031,3,F1,,,,,,,,,,,18007.629845,,,61,0,400,0
2025-11-25T14:50:52.700525+00:00,gnb:131-133-31000000,unknown,2,F1,,9.23615,,,,,,,,,,,,,,,
2025-11-25T14:50:52.700721+00:00,gnb:131-133-31000000,UE_3030303031,3,F1,,,,,,,0.0,,9.23615,,,,,,,,
2025-11-25T14:50:52.701123+00:00,gnb:131-133-31000000,unknown,2,F1,,,,,,,,,,,,,,,,,
2025-11-25T14:50:52.701490+00:00,gnb:131-133-31000000,UE_3030303031,3,F1,,,,,,,,1,,0,,,,,,,
2025-11-25T14:50:52.701971+00:00,gnb:131-133-31000000,CELL_1111,2,F1,1,,61,0,400,0,,,,,,,,,,,
2025-11-25T14:50:52.702197+00:00,gnb:131-133-31000000,UE_3030303031,3,F1,,,,,,,,,,,18006.341771,,,61,0,400,0
2025-11-25T14:50:52.702659+00:00,gnb:131-133-31000000,unknown,2,F1,,9.237648,,,,,,,,,,,,,,,
2025-11-25T14:50:52.702810+00:00,gnb:131-133-31000000,UE_3030303031,3,F1,,,,,,,0.0,,9.237648,,,,,,,,
2025-11-25T14:50:52.703314+00:00,gnb:131-133-31000000,unknown,2,F1,,,,,,,,,,,,,,,,,
2025-11-25T14:50:52.703578+00:00,gnb:131-133-31000000,UE_3030303031,3,F1,,,,,,,,1,,0,,,,,,,
2025-11-25T14:50:52.704064+00:00,gnb:131-133-31000000,CELL_1111,2,F1,1,,61,0,400,0,,,,,,,,,,,
2025-11-25T14:50:52.704210+00:00,gnb:131-133-31000000,UE_3030303031,3,F1,,,,,,,,,,,18005.063553,,,61,0,400,0
2025-11-25T14:50:52.704575+00:00,gnb:131-133-31000000,unknown,2,F1,,9.234346,,,,,,,,,,,,,,,
2025-11-25T14:50:52.704716+00:00,gnb:131-133-31000000,UE_3030303031,3,F1,,,,,,,0.0,,9.234346,,,,,,,,
2025-11-25T14:50:52.705056+00:00,gnb:131-133-31000000,unknown,2,F1,,,,,,,,,,,,,,,,,
2025-11-25T14:50:52.705191+00:00,gnb:131-133-31000000,UE_3030303031,3,F1,,,,,,,,1,,0,,,,,,,
2025-11-25T14:50:52.705572+00:00,gnb:131-133-31000000,CELL_1111,2,F1,1,,61,0,400,0,,,,,,,,,,,
2025-11-25T14:50:52.705723+00:00,gnb:131-133-31000000,UE_3030303031,3,F1,,,,,,,,,,,18003.793817,,,61,0,400,0
2025-11-25T14:50:52.706234+00:00,gnb:131-133-31000000,unknown,2,F1,,9.23895,,,,,,,,,,,,,,,
2025-11-25T14:50:52.706436+00:00,gnb:131-133-31000000,UE_3030303031,3,F1,,,,,,,0.0,,9.23895,,,,,,,,
2025-11-25T14:50:52.706830+00:00,gnb:131-133-31000000,unknown,2,F1,,,,,,,,,,,,,,,,,
2025-11-25T14:50:52.706987+00:00,gnb:131-133-31000000,UE_3030303031,3,F1,,,,,,,,1,,0,,,,,,,
2025-11-25T14:50:52.707378+00:00,gnb:131-133-31000000,CELL_1111,2,F1,1,,61,0,400,0,,,,,,,,,,,
2025-11-25T14:50:52.707527+00:00,gnb:131-133-31000000,UE_3030303031,3,F1,,,,,,,,,,,18002.468949,,,61,0,400,0
2025-11-25T14:50:52.708042+00:00,gnb:131-133-31000000,unknown,2,F1,,9.238569,,,,,,,,,,,,,,,
2025-11-25T14:50:52.708209+00:00,gnb:131-133-31000000,UE_3030303031,3,F1,,,,,,,0.0,,9.238569,,,,,,,,
2025-11-25T14:50:52.709115+00:00,gnb:131-133-31000000,unknown,2,F1,,,,,,,,,,,,,,,,,
2025-11-25T14:50:52.709289+00:00,gnb:131-133-31000000,UE_3030303031,3,F1,,,,,,,,1,,0,,,,,,,
2025-11-25T14:50:52.709802+00:00,gnb:131-133-31000000,CELL_1111,2,F1,1,,61,0,400,0,,,,,,,,,,,
2025-11-25T14:50:52.710052+00:00,gnb:131-133-31000000,UE_3030303031,3,F1,,,,,,,,,,,18001.216125,,,61,0,400,0
2025-11-25T14:50:52.710528+00:00,gnb:131-133-31000000,unknown,2,F1,,9.235164,,,,,,,,,,,,,,,
2025-11-25T14:50:52.710735+00:00,gnb:131-133-31000000,UE_3030303031,3,F1,,,,,,,0.0,,9.235164,,,,,,,,
2025-11-25T14:50:52.711166+00:00,gnb:131-133-31000000,unknown,2,F1,,,,,,,,,,,,,,,,,
2025-11-25T14:50:52.711370+00:00,gnb:131-133-31000000,UE_3030303031,3,F1,,,,,,,,1,,0,,,,,,,
2025-11-25T14:50:52.711921+00:00,gnb:131-133-31000000,CELL_1111,2,F1,1,,61,0,400,0,,,,,,,,,,,
2025-11-25T14:50:52.712173+00:00,gnb:131-133-31000000,UE_3030303031,3,F1,,,,,,,,,,,17999.939159,,,61,0,400,0
2025-11-25T14:50:52.712538+00:00,gnb:131-133-31000000,unknown,2,F1,,9.23595,,,,,,,,,,,,,,,
2025-11-25T14:50:52.712701+00:00,gnb:131-133-31000000,UE_3030303031,3,F1,,,,,,,0.0,,9.23595,,,,,,,,
2025-11-25T14:50:52.713099+00:00,gnb:131-133-31000000,unknown,2,F1,,,,,,,,,,,,,,,,,
2025-11-25T14:50:52.713272+00:00,gnb:131-133-31000000,UE_3030303031,3,F1,,,,,,,,1,,0,,,,,,,
2025-11-25T14:50:52.713714+00:00,gnb:131-133-31000000,CELL_1111,2,F1,1,,61,0,400,0,,,,,,,,,,,
2025-11-25T14:50:52.713857+00:00,gnb:131-133-31000000,UE_3030303031,3,F1,,,,,,,,,,,17998.701576,,,61,0,400,0
2025-11-25T14:50:52.714238+00:00,gnb:131-133-31000000,unknown,2,F1,,9.244242,,,,,,,,,,,,,,,
2025-11-25T14:50:52.714385+00:00,gnb:131-133-31000000,UE_3030303031,3,F1,,,,,,,0.0,,9.244242,,,,,,,,
2025-11-25T14:50:52.714708+00:00,gnb:131-133-31000000,unknown,2,F1,,,,,,,,,,,,,,,,,
2025-11-25T14:50:52.714829+00:00,gnb:131-133-31000000,UE_3030303031,3,F1,,,,,,,,1,,0,,,,,,,
2025-11-25T14:50:52.715142+00:00,gnb:131-133-31000000,CELL_1111,2,F1,1,,61,0,400,0,,,,,,,,,,,
2025-11-25T14:50:52.715260+00:00,gnb:131-133-31000000,UE_3030303031,3,F1,,,,,,,,,,,17997.481298,,,61,0,400,0
2025-11-25T14:50:52.715547+00:00,gnb:131-133-31000000,unknown,2,F1,,9.234146,,,,,,,,,,,,,,,
2025-11-25T14:50:52.715667+00:00,gnb:131-133-31000000,UE_3030303031,3,F1,,,,,,,0.0,,9.234146,,,,,,,,
2025-11-25T14:50:52.715940+00:00,gnb:131-133-31000000,unknown,2,F1,,,,,,,,,,,,,,,,,
2025-11-25T14:50:52.716052+00:00,gnb:131-133-31000000,UE_3030303031,3,F1,,,,,,,,1,,0,,,,,,,
2025-11-25T14:50:52.716343+00:00,gnb:131-133-31000000,CELL_1111,2,F1,1,,61,0,400,0,,,,,,,,,,,
2025-11-25T14:50:52.716469+00:00,gnb:131-133-31000000,UE_3030303031,3,F1,,,,,,,,,,,17996.261013,,,61,0,400,0
2025-11-25T14:50:52.716803+00:00,gnb:131-133-31000000,unknown,2,F1,,9.23875,,,,,,,,,,,,,,,
2025-11-25T14:50:52.716942+00:00,gnb:131-133-31000000,UE_3030303031,3,F1,,,,,,,0.0,,9.23875,,,,,,,,
2025-11-25T14:50:52.717219+00:00,gnb:131-133-31000000,unknown,2,F1,,,,,,,,,,,,,,,,,
2025-11-25T14:50:52.717332+00:00,gnb:131-133-31000000,UE_3030303031,3,F1,,,,,,,,1,,0,,,,,,,
2025-11-25T14:50:52.717857+00:00,gnb:131-133-31000000,CELL_1111,2,F1,1,,61,0,400,0,,,,,,,,,,,
2025-11-25T14:50:52.718757+00:00,gnb:131-133-31000000,UE_3030303031,3,F1,,,,,,,,,,,17994.986283,,,61,0,400,0
2025-11-25T14:50:52.719251+00:00,gnb:131-133-31000000,unknown,2,F1,,9.238369,,,,,,,,,,,,,,,
2025-11-25T14:50:52.719407+00:00,gnb:131-133-31000000,UE_3030303031,3,F1,,,,,,,0.0,,9.238369,,,,,,,,
2025-11-25T14:50:52.719844+00:00,gnb:131-133-31000000,unknown,2,F1,,,,,,,,,,,,,,,,,
2025-11-25T14:50:52.719980+00:00,gnb:131-133-31000000,UE_3030303031,3,F1,,,,,,,,1,,0,,,,,,,
2025-11-25T14:50:52.720314+00:00,gnb:131-133-31000000,CELL_1111,2,F1,1,,61,0,400,0,,,,,,,,,,,
2025-11-25T14:50:52.720451+00:00,gnb:131-133-31000000,UE_3030303031,3,F1,,,,,,,,,,,17993.781942,,,61,0,400,0
2025-11-25T14:50:52.720807+00:00,gnb:131-133-31000000,unknown,2,F1,,9.235164,,,,,,,,,,,,,,,
2025-11-25T14:50:52.720945+00:00,gnb:131-133-31000000,UE_3030303031,3,F1,,,,,,,0.0,,9.235164,,,,,,,,
2025-11-25T14:50:52.721232+00:00,gnb:131-133-31000000,unknown,2,F1,,,,,,,,,,,,,,,,,
2025-11-25T14:50:52.721348+00:00,gnb:131-133-31000000,UE_3030303031,3,F1,,,,,,,,1,,0,,,,,,,
2025-11-25T14:50:52.721666+00:00,gnb:131-133-31000000,CELL_1111,2,F1,1,,61,0,400,0,,,,,,,,,,,
2025-11-25T14:50:52.721793+00:00,gnb:131-133-31000000,UE_3030303031,3,F1,,,,,,,,,,,17992.553669,,,61,0,400,0
2025-11-25T14:50:52.722102+00:00,gnb:131-133-31000000,unknown,2,F1,,9.23595,,,,,,,,,,,,,,,
2025-11-25T14:50:52.722225+00:00,gnb:131-133-31000000,UE_3030303031,3,F1,,,,,,,0.0,,9.23595,,,,,,,,
2025-11-25T14:50:52.722527+00:00,gnb:131-133-31000000,unknown,2,F1,,,,,,,,,,,,,,,,,
2025-11-25T14:50:52.722655+00:00,gnb:131-133-31000000,UE_3030303031,3,F1,,,,,,,,1,,0,,,,,,,
2025-11-25T14:50:52.723018+00:00,gnb:131-133-31000000,CELL_1111,2,F1,1,,61,0,400,0,,,,,,,,,,,
2025-11-25T14:50:52.723142+00:00,gnb:131-133-31000000,UE_3030303031,3,F1,,,,,,,,,,,17991.36365,,,61,0,400,0
2025-11-25T14:50:52.723482+00:00,gnb:131-133-31000000,unknown,2,F1,,9.237448,,,,,,,,,,,,,,,
2025-11-25T14:50:52.723631+00:00,gnb:131-133-31000000,UE_3030303031,3,F1,,,,,,,0.0,,9.237448,,,,,,,,
2025-11-25T14:50:52.723946+00:00,gnb:131-133-31000000,unknown,2,F1,,,,,,,,,,,,,,,,,
2025-11-25T14:50:52.724069+00:00,gnb:131-133-31000000,UE_3030303031,3,F1,,,,,,,,1,,0,,,,,,,
2025-11-25T14:50:52.724513+00:00,gnb:131-133-31000000,CELL_1111,2,F1,1,,61,0,400,0,,,,,,,,,,,
2025-11-25T14:50:52.724665+00:00,gnb:131-133-31000000,UE_3030303031,3,F1,,,,,,,,,,,17990.182481,,,61,0,400,0
2025-11-25T14:50:52.725011+00:00,gnb:131-133-31000000,unknown,2,F1,,9.234146,,,,,,,,,,,,,,,
2025-11-25T14:50:52.725140+00:00,gnb:131-133-31000000,UE_3030303031,3,F1,,,,,,,0.0,,9.234146,,,,,,,,
2025-11-25T14:50:52.725447+00:00,gnb:131-133-31000000,unknown,2,F1,,,,,,,,,,,,,,,,,
2025-11-25T14:50:52.725568+00:00,gnb:131-133-31000000,UE_3030303031,3,F1,,,,,,,,1,,0,,,,,,,
2025-11-25T14:50:52.725983+00:00,gnb:131-133-31000000,CELL_1111,2,F1,1,,61,0,400,0,,,,,,,,,,,
2025-11-25T14:50:52.726145+00:00,gnb:131-133-31000000,UE_3030303031,3,F1,,,,,,,,,,,17989.008849,,,61,0,400,0
2025-11-25T14:50:52.726455+00:00,gnb:131-133-31000000,unknown,2,F1,,9.23855,,,,,,,,,,,,,,,
2025-11-25T14:50:52.726579+00:00,gnb:131-133-31000000,UE_3030303031,3,F1,,,,,,,0.0,,9.23855,,,,,,,,
2025-11-25T14:50:52.726885+00:00,gnb:131-133-31000000,unknown,2,F1,,,,,,,,,,,,,,,,,
2025-11-25T14:50:52.727006+00:00,gnb:131-133-31000000,UE_3030303031,3,F1,,,,,,,,1,,0,,,,,,,
2025-11-25T14:50:52.727371+00:00,gnb:131-133-31000000,CELL_1111,2,F1,1,,61,0,400,0,,,,,,,,,,,
2025-11-25T14:50:52.727539+00:00,gnb:131-133-31000000,UE_3030303031,3,F1,,,,,,,,,,,17987.781454,,,61,0,400,0
2025-11-25T14:50:52.727903+00:00,gnb:131-133-31000000,unknown,2,F1,,9.238169,,,,,,,,,,,,,,,
2025-11-25T14:50:52.728033+00:00,gnb:131-133-31000000,UE_3030303031,3,F1,,,,,,,0.0,,9.238169,,,,,,,,
2025-11-25T14:50:52.728331+00:00,gnb:131-133-31000000,unknown,2,F1,,,,,,,,,,,,,,,,,
2025-11-25T14:50:52.728449+00:00,gnb:131-133-31000000,UE_3030303031,3,F1,,,,,,,,1,,0,,,,,,,
2025-11-25T14:50:52.728782+00:00,gnb:131-133-31000000,CELL_1111,2,F1,1,,61,0,400,0,,,,,,,,,,,
2025-11-25T14:50:52.728917+00:00,gnb:131-133-31000000,UE_3030303031,3,F1,,,,,,,,,,,17986.622868,,,61,0,400,0
2025-11-25T14:50:52.729288+00:00,gnb:131-133-31000000,unknown,2,F1,,9.245847,,,,,,,,,,,,,,,
2025-11-25T14:50:52.729427+00:00,gnb:131-133-31000000,UE_3030303031,3,F1,,,,,,,0.0,,9.245847,,,,,,,,
2025-11-25T14:50:52.729778+00:00,gnb:131-133-31000000,unknown,2,F1,,,,,,,,,,,,,,,,,
2025-11-25T14:50:52.729899+00:00,gnb:131-133-31000000,UE_3030303031,3,F1,,,,,,,,1,,0,,,,,,,
2025-11-25T14:50:52.730227+00:00,gnb:131-133-31000000,CELL_1111,2,F1,1,,61,0,400,0,,,,,,,,,,,
2025-11-25T14:50:52.730351+00:00,gnb:131-133-31000000,UE_3030303031,3,F1,,,,,,,,,,,17985.451774,,,61,0,400,0
2025-11-25T14:50:52.730705+00:00,gnb:131-133-31000000,unknown,2,F1,,9.23575,,,,,,,,,,,,,,,
2025-11-25T14:50:52.730837+00:00,gnb:131-133-31000000,UE_3030303031,3,F1,,,,,,,0.0,,9.23575,,,,,,,,
2025-11-25T14:50:52.731172+00:00,gnb:131-133-31000000,unknown,2,F1,,,,,,,,,,,,,,,,,
2025-11-25T14:50:52.731314+00:00,gnb:131-133-31000000,UE_3030303031,3,F1,,,,,,,,1,,0,,,,,,,
2025-11-25T14:50:52.731663+00:00,gnb:131-133-31000000,CELL_1111,2,F1,1,,61,0,400,0,,,,,,,,,,,
2025-11-25T14:50:52.731820+00:00,gnb:131-133-31000000,UE_3030303031,3,F1,,,,,,,,,,,17984.306628,,,61,0,400,0
